Fecha,AAPL,GC=F,MSFT,SPY,WALMEX.MX
2020-01-02,72.40052032470703,1524.5,152.1584014892578,296.8882141113281,46.37880325317383
2020-01-03,71.6966323852539,1549.199951171875,150.26376342773438,294.6400451660156,46.016998291015625
2020-01-06,72.2679214477539,1566.199951171875,150.65213012695312,295.76409912109375,46.50922775268555
2020-01-07,71.92803955078125,1571.800048828125,149.27853393554688,294.9324951171875,46.26100540161133
2020-01-08,73.08511352539062,1557.4000244140625,151.6563262939453,296.50433349609375,46.87523651123047
2020-01-09,74.63748931884766,1551.699951171875,153.5509796142578,298.5149230957031,46.7574462890625
2020-01-10,74.80622100830078,1557.5,152.84043884277344,297.65576171875,47.26229476928711
2020-01-13,76.4044189453125,1548.4000244140625,154.6782684326172,299.7028503417969,47.64934158325195
2020-01-14,75.37271118164062,1542.4000244140625,153.5888671875,299.2460021972656,47.69141387939453
2020-01-15,75.0497055053711,1552.0999755859375,154.5835723876953,299.9222106933594,47.51472091674805
2020-01-16,75.98981475830078,1549.0,157.41603088378906,302.41705322265625,48.25516128540039
2020-01-17,76.83110046386719,1558.800048828125,158.2970428466797,303.3583984375,48.90304946899414
2020-01-20,76.83110046386719,1558.800048828125,158.2970428466797,303.3583984375,48.9871940612793
2020-01-21,76.3104019165039,1556.4000244140625,157.7286376953125,302.76434326171875,48.93670654296875
2020-01-22,76.58280181884766,1555.300048828125,156.97076416015625,302.8009338378906,47.63251876831055
2020-01-23,76.95160675048828,1564.5999755859375,157.9370880126953,303.1481628417969,48.07004928588867
2020-01-24,76.72985076904297,1571.0999755859375,156.3455810546875,300.4522705078125,47.82604217529297
2020-01-27,74.47358703613281,1576.800048828125,153.73094177246094,295.63616943359375,46.185279846191406
2020-01-28,76.58038330078125,1569.199951171875,156.74339294433594,298.7341613769531,47.06877136230469
2020-01-29,78.18338775634766,1569.800048828125,159.1875,298.48748779296875,47.1192512512207
2020-01-30,78.07011413574219,1583.5,163.67779541015625,299.4561767578125,47.228641510009766
2020-01-31,74.60856628417969,1582.9000244140625,161.26214599609375,294.0187072753906,46.46295166015625
2020-02-03,74.4036865234375,1577.199951171875,165.1934814453125,296.2027587890625,46.46295166015625
2020-02-04,76.86002349853516,1550.4000244140625,170.63116455078125,300.7172546386719,47.6451416015625
2020-02-05,77.48676300048828,1557.800048828125,170.42266845703125,304.19000244140625,47.22022247314453
2020-02-06,78.39311218261719,1565.0999755859375,173.9562225341797,305.21343994140625,46.45452880859375
2020-02-07,77.32754516601562,1568.5999755859375,174.20249938964844,303.5869140625,47.1192512512207
2020-02-10,77.69482421875,1574.699951171875,178.75912475585938,305.8531799316406,47.316986083984375
2020-02-11,77.22603607177734,1565.5999755859375,174.72354125976562,306.3832702636719,47.338016510009766
2020-02-12,79.06001281738281,1567.4000244140625,174.97935485839844,308.3572082519531,47.32960891723633
2020-02-13,78.49700927734375,1575.0999755859375,174.03201293945312,308.0282897949219,48.18784713745117
2020-02-14,78.51634216308594,1582.699951171875,175.5856170654297,308.52166748046875,48.95354080200195
2020-02-17,78.51634216308594,1582.699951171875,175.5856170654297,308.52166748046875,49.07133483886719
2020-02-18,77.07868194580078,1600.0,177.36654663085938,307.72662353515625,49.07133483886719
2020-02-19,78.1949691772461,1607.5,177.8985137939453,309.197998046875,47.228641510009766
2020-02-20,77.39276885986328,1616.5999755859375,175.1817626953125,307.927734375,48.507591247558594
2020-02-21,75.64097595214844,1644.5999755859375,169.64381408691406,304.75665283203125,49.500457763671875
2020-02-24,72.04802703857422,1672.4000244140625,162.32952880859375,294.64923095703125,47.82604217529297
2020-02-25,69.60758972167969,1646.9000244140625,159.6508026123047,285.720703125,47.51472091674805
2020-02-26,70.71184539794922,1640.0,161.64561462402344,284.6697082519531,47.17815017700195
2020-02-27,66.08953094482422,1640.0,150.25621032714844,271.8847961425781,46.563926696777344
2020-02-28,66.05085754394531,1564.0999755859375,153.89434814453125,270.7424011230469,46.44612503051758
2020-03-02,72.20022583007812,1592.300048828125,164.13433837890625,282.4673767089844,48.39820098876953
2020-03-03,69.90721893310547,1642.0999755859375,156.26913452148438,274.3796691894531,48.74318313598633
2020-03-04,73.14983367919922,1641.0999755859375,162.006591796875,285.9126281738281,49.35741424560547
2020-03-05,70.7770767211914,1666.4000244140625,157.94097900390625,276.4083557128906,48.356136322021484
2020-03-06,69.8371353149414,1670.800048828125,153.4764404296875,271.8390197753906,48.381378173828125
2020-03-09,64.31356048583984,1674.5,143.074951171875,250.60995483398438,46.96779251098633
2020-03-10,68.94552612304688,1659.0999755859375,152.85899353027344,263.5777587890625,49.52569580078125
2020-03-11,66.55101776123047,1641.4000244140625,145.93417358398438,250.72879028320312,49.828609466552734
2020-03-12,59.97880172729492,1589.300048828125,132.09400939941406,226.73968505859375,46.78268814086914
2020-03-13,67.16474151611328,1515.699951171875,150.8736572265625,246.12281799316406,47.41374588012695
2020-03-16,58.52421569824219,1485.9000244140625,128.63638305664062,219.19114685058594,47.41374588012695
2020-03-17,61.09752655029297,1524.9000244140625,139.22781372070312,231.0257568359375,45.36069107055664
2020-03-18,59.60186004638672,1477.300048828125,133.36692810058594,219.3282470703125,46.176876068115234
2020-03-19,59.14519500732422,1478.5999755859375,135.56121826171875,219.79429626464844,44.948402404785156
2020-03-20,55.39032745361328,1484.0,130.46969604492188,210.32249450683594,42.99631881713867
2020-03-23,54.21360397338867,1567.0,129.16830444335938,204.94488525390625,43.358131408691406
2020-03-24,59.65260696411133,1660.199951171875,140.9091339111328,223.51353454589844,44.99047088623047
2020-03-25,59.32398986816406,1632.300048828125,139.56024169921875,226.859619140625,46.067481994628906
2020-03-26,62.44578552246094,1650.0999755859375,148.2899169921875,240.10586547851562,45.26813888549805
2020-03-27,59.86040115356445,1623.9000244140625,142.20101928710938,232.9541778564453,44.889503479003906
2020-03-30,61.56869888305664,1622.0,152.2035369873047,240.51951599121094,46.42929458618164
2020-03-31,61.443050384521484,1583.4000244140625,149.80975341796875,236.93446350097656,46.908897399902344
2020-04-01,58.21009826660156,1578.199951171875,144.49026489257812,226.2712860107422,47.203399658203125
2020-04-02,59.18144226074219,1625.699951171875,147.48251342773438,231.49256896972656,46.6480598449707
2020-04-03,58.33091735839844,1633.699951171875,146.12413024902344,228.14654541015625,46.21052551269531
2020-04-06,63.41954040527344,1677.0,156.99105834960938,243.4702911376953,46.45452880859375
2020-04-07,62.68501281738281,1664.800048828125,155.3002471923828,243.71852111816406,46.76586151123047
2020-04-08,64.28942108154297,1665.4000244140625,156.8580780029297,251.89971923828125,47.4810676574707
2020-04-09,64.75334167480469,1736.199951171875,156.86756896972656,255.73292541503906,47.4810676574707
2020-04-13,66.02428436279297,1744.800048828125,157.2190399169922,253.39810180664062,48.30564880371094
2020-04-14,69.35869598388672,1756.699951171875,164.99876403808594,260.8715515136719,46.984622955322266
2020-04-15,68.72563934326172,1727.199951171875,163.2699737548828,255.32850646972656,45.815059661865234
2020-04-16,69.27171325683594,1720.4000244140625,168.17141723632812,256.560302734375,46.395633697509766
2020-04-17,68.33181762695312,1689.199951171875,169.6533203125,263.49139404296875,48.74318313598633
2020-04-20,66.91344451904297,1701.5999755859375,166.2906494140625,258.8492431640625,48.27199172973633
2020-04-21,64.84515380859375,1678.199951171875,159.4133758544922,250.98971557617188,47.02669906616211
2020-04-22,66.71292877197266,1728.699951171875,164.8278045654297,256.560302734375,47.53995895385742
2020-04-23,66.45437622070312,1733.300048828125,162.83302307128906,256.5419006347656,46.631229400634766
2020-04-24,68.37288665771484,1723.5,165.8062286376953,260.1177062988281,47.994327545166016
2020-04-27,68.42120361328125,1711.9000244140625,165.3312530517578,263.86822509765625,48.33088684082031
2020-04-28,67.31212615966797,1710.5,161.3036346435547,262.6548156738281,50.54381561279297
2020-04-29,69.52304077148438,1703.4000244140625,168.54193115234375,269.53076171875,50.56904983520508
2020-04-30,70.98970031738281,1684.199951171875,170.2327423095703,267.0212097167969,48.77683639526367
2020-05-01,69.8468017578125,1694.5,165.82518005371094,259.952392578125,48.77683639526367
2020-05-04,70.8350601196289,1706.9000244140625,169.8813018798828,260.6693420410156,48.49075698852539
2020-05-05,71.898193359375,1704.4000244140625,171.70513916015625,263.07769775390625,47.9354248046875
2020-05-06,72.6399917602539,1684.199951171875,173.3959503173828,261.2943420410156,49.14706802368164
2020-05-07,73.3914566040039,1721.800048828125,174.40286254882812,264.4472961425781,49.07133483886719
2020-05-08,75.1383056640625,1709.9000244140625,175.4287872314453,268.82293701171875,49.298519134521484
2020-05-11,76.32063293457031,1695.300048828125,177.3855438232422,268.8781433105469,48.74318313598633
2020-05-12,75.44841003417969,1704.4000244140625,173.367431640625,263.5190124511719,49.113407135009766
2020-05-13,74.53742980957031,1713.9000244140625,170.7457275390625,258.8583679199219,48.356136322021484
2020-05-14,74.99534606933594,1738.0999755859375,171.48660278320312,261.9562072753906,47.725074768066406
2020-05-15,74.55197143554688,1753.4000244140625,173.98492431640625,263.16046142578125,47.14448928833008
2020-05-18,76.3084945678711,1731.800048828125,175.647216796875,271.1762390136719,49.205963134765625
2020-05-19,75.8675537109375,1744.199951171875,174.43133544921875,268.3909606933594,47.47264099121094
2020-05-20,77.3430404663086,1750.5999755859375,176.85086059570312,272.9503173828125,47.39692687988281
2020-05-21,76.76641845703125,1720.5,174.72665405273438,271.06591796875,46.984622955322266
2020-05-22,77.26067352294922,1734.5999755859375,174.80282592773438,271.58062744140625,46.959381103515625
2020-05-25,77.26067352294922,1734.5999755859375,174.80282592773438,271.58062744140625,46.850006103515625
2020-05-26,76.73735809326172,1704.800048828125,172.95492553710938,274.92669677734375,47.26229476928711
2020-05-27,77.0716781616211,1710.300048828125,173.1835479736328,279.017333984375,47.64934158325195
2020-05-28,77.10560607910156,1713.300048828125,172.79295349121094,278.5026550292969,47.00145721435547
2020-05-29,77.0304946899414,1736.9000244140625,174.5552215576172,279.7435302734375,46.57232666015625
2020-06-01,77.97782135009766,1737.800048828125,174.15509033203125,280.8741760253906,47.51472091674805
2020-06-02,78.33880615234375,1725.199951171875,176.13641357421875,283.19989013671875,46.580753326416016
2020-06-03,78.77006530761719,1697.800048828125,176.56509399414062,286.96875,46.2862434387207
2020-06-04,78.09169006347656,1718.9000244140625,174.24081420898438,286.2149963378906,46.227352142333984
2020-06-05,80.3157958984375,1676.199951171875,178.31773376464844,293.5505676269531,46.580753326416016
2020-06-08,80.79069519042969,1698.300048828125,179.4227294921875,297.09881591796875,48.21308517456055
2020-06-09,83.34188842773438,1714.699951171875,180.79443359375,294.8834533691406,47.78396987915039
2020-06-10,85.48607635498047,1713.300048828125,187.5003662109375,293.2380065917969,47.085594177246094
2020-06-11,81.38185119628906,1732.0,177.43191528320312,276.3331604003906,46.31990432739258
2020-06-12,82.0844497680664,1729.300048828125,178.8321533203125,279.6424560546875,45.76457595825195
2020-06-15,83.099609375,1720.300048828125,179.97520446777344,282.25299072265625,46.521846771240234
2020-06-16,85.30194854736328,1729.5999755859375,184.38552856445312,287.6858215332031,46.09272384643555
2020-06-17,85.18324279785156,1729.199951171875,185.0237579345703,286.4908447265625,46.47135925292969
2020-06-18,85.21713256835938,1724.800048828125,187.0050506591797,286.60107421875,45.92444610595703
2020-06-19,84.73017120361328,1745.9000244140625,185.89053344726562,284.9632568359375,46.26100540161133
2020-06-22,86.94703674316406,1756.699951171875,191.0533905029297,286.7912902832031,46.193363189697266
2020-06-23,88.80287170410156,1772.0999755859375,192.32981872558594,288.11151123046875,46.430118560791016
2020-06-24,87.23533630371094,1765.800048828125,188.45291137695312,280.7622985839844,46.91210174560547
2020-06-25,88.39344787597656,1762.0999755859375,190.83428955078125,283.77203369140625,46.55696105957031
2020-06-26,85.6774673461914,1772.5,187.01455688476562,277.0322570800781,46.52313232421875
2020-06-29,87.65205383300781,1774.800048828125,189.0244903564453,281.1038513183594,46.94591522216797
2020-06-30,88.38375854492188,1793.0,193.85386657714844,284.70458984375,46.63306427001953
2020-07-01,88.21656036376953,1773.199951171875,194.9874267578125,286.6990051269531,47.1657600402832
2020-07-02,88.21656036376953,1784.0,196.4734344482422,288.27777099609375,48.13816833496094
2020-07-03,88.21656036376953,1784.0,196.4734344482422,288.27777099609375,47.82530975341797
2020-07-06,90.57637786865234,1788.5,200.70274353027344,292.7279357910156,46.4724006652832
2020-07-07,90.29534912109375,1804.199951171875,198.36898803710938,289.7088928222656,47.191131591796875
2020-07-08,92.3982925415039,1815.5,202.731689453125,291.9247741699219,46.649967193603516
2020-07-09,92.795654296875,1799.199951171875,204.15097045898438,290.262939453125,46.52313232421875
2020-07-10,92.95796203613281,1798.199951171875,203.53184509277344,293.2265625,46.404762268066406
2020-07-13,92.52915954589844,1811.0,197.24497985839844,290.6874694824219,45.56764602661133
2020-07-14,94.06035614013672,1810.5999755859375,198.46426391601562,294.45458984375,45.98197555541992
2020-07-15,94.70724487304688,1811.4000244140625,198.16891479492188,297.1597900390625,46.16799545288086
2020-07-16,93.54188537597656,1798.699951171875,194.24444580078125,296.1811218261719,47.377159118652344
2020-07-17,93.35289001464844,1808.300048828125,193.25379943847656,297.039794921875,47.715389251708984
2020-07-20,95.32022857666016,1815.9000244140625,201.56005859375,299.44024658203125,47.41944122314453
2020-07-21,94.00465393066406,1842.4000244140625,198.84530639648438,300.077392578125,47.774574279785156
2020-07-22,94.26873016357422,1864.0999755859375,201.70291137695312,301.78546142578125,47.65619659423828
2020-07-23,89.97793579101562,1889.0999755859375,192.92991638183594,298.18463134765625,47.030479431152344
2020-07-24,89.75504302978516,1897.300048828125,191.74874877929688,296.2641906738281,47.76612091064453
2020-07-27,91.88226318359375,1931.0,194.17779541015625,298.42474365234375,47.62236404418945
2020-07-28,90.37286376953125,1944.699951171875,192.4345703125,296.531982421875,46.21873474121094
2020-07-29,92.10517120361328,1953.5,194.37782287597656,300.178955078125,45.99888610839844
2020-07-30,93.21965026855469,1942.300048828125,194.2253875732422,299.10784912109375,44.65443420410156
2020-07-31,102.97868347167969,1962.800048828125,195.2826690673828,301.4715576171875,44.16400146484375
2020-08-03,105.57353973388672,1966.0,206.26565551757812,303.5674133300781,45.584556579589844
2020-08-04,106.27855682373047,2001.199951171875,203.1698455810547,304.739990234375,46.02425003051758
2020-08-05,106.66377258300781,2031.0999755859375,202.83645629882812,306.6327209472656,46.480857849121094
2020-08-06,110.38516998291016,2051.5,206.0846710205078,308.6824645996094,45.6860237121582
2020-08-07,107.87549591064453,2010.0999755859375,202.39830017089844,308.90399169921875,47.00510787963867
2020-08-10,109.44342041015625,2024.4000244140625,198.36898803710938,309.8273010253906,47.46171951293945
2020-08-11,106.18860626220703,1932.5999755859375,193.73007202148438,307.2698059082031,47.79148483276367
2020-08-12,109.71770477294922,1934.9000244140625,199.26438903808594,311.55377197265625,47.613914489746094
2020-08-13,111.65943908691406,1956.699951171875,198.79763793945312,310.99066162109375,47.715389251708984
2020-08-14,111.5599365234375,1937.0,198.98812866210938,310.9998474121094,48.29037094116211
2020-08-17,111.2686767578125,1985.0,200.3026885986328,311.9877624511719,48.77234649658203
2020-08-18,112.19585418701172,1999.4000244140625,201.45529174804688,312.6617736816406,48.9583740234375
2020-08-19,112.33663177490234,1958.699951171875,200.23306274414062,311.3600158691406,48.55249786376953
2020-08-20,114.82933044433594,1933.800048828125,204.8927764892578,312.3294372558594,48.637054443359375
2020-08-21,120.74677276611328,1934.5999755859375,203.4031524658203,313.43731689453125,47.994422912597656
2020-08-24,122.19093322753906,1927.699951171875,204.04295349121094,316.6134948730469,48.25654983520508
2020-08-25,121.18850708007812,1911.800048828125,206.6974334716797,317.7213134765625,47.96906280517578
2020-08-26,122.83655548095703,1940.699951171875,211.16612243652344,320.9067077636719,46.979740142822266
2020-08-27,121.36811828613281,1921.5999755859375,216.35098266601562,321.60845947265625,46.37092971801758
2020-08-28,121.1715316772461,1964.5999755859375,218.57583618164062,323.6858215332031,45.94814682006836
2020-08-31,125.28072357177734,1967.5999755859375,215.34837341308594,322.51324462890625,44.41767501831055
2020-09-01,130.27098083496094,1968.199951171875,217.00987243652344,325.5508728027344,44.89118957519531
2020-09-02,127.57196807861328,1934.4000244140625,221.19210815429688,330.2596435546875,44.519142150878906
2020-09-03,117.35843658447266,1927.5999755859375,207.48997497558594,318.89398193359375,44.28238296508789
2020-09-04,117.43611145019531,1923.9000244140625,204.57763671875,316.29034423828125,43.84268569946289
2020-09-07,117.43611145019531,1923.9000244140625,204.57763671875,316.29034423828125,44.00334548950195
2020-09-08,109.53323364257812,1933.0,193.51084899902344,307.64837646484375,43.18314743041992
2020-09-09,113.90213775634766,1944.699951171875,201.75125122070312,313.7235412597656,43.157779693603516
2020-09-10,110.18372344970703,1954.199951171875,196.0985565185547,308.2762145996094,42.54896545410156
2020-09-11,108.73714447021484,1937.800048828125,194.81903076171875,308.43316650390625,42.794185638427734
2020-09-14,111.99925231933594,1953.0999755859375,196.13673400878906,312.4956359863281,43.01403045654297
2020-09-15,112.17400360107422,1956.300048828125,199.35458374023438,314.0744323730469,43.09858703613281
2020-09-16,108.86334228515625,1960.199951171875,195.79299926757812,312.82794189453125,43.09858703613281
2020-09-17,107.12550354003906,1940.0,193.7496337890625,310.07659912109375,43.030941009521484
2020-09-18,103.72747039794922,1952.0999755859375,191.34335327148438,306.5067138671875,42.97175216674805
2020-09-21,106.87307739257812,1901.199951171875,193.39630126953125,303.0954284667969,43.03939437866211
2020-09-22,108.55267333984375,1898.5999755859375,198.0559539794922,306.1823425292969,43.52982711791992
2020-09-23,103.99931335449219,1859.9000244140625,191.5343017578125,299.08160400390625,42.91256332397461
2020-09-24,105.06724548339844,1868.300048828125,194.0169219970703,299.87890625,44.10481643676758
2020-09-25,109.00897979736328,1857.699951171875,198.43795776367188,304.7269592285156,45.20404815673828
2020-09-28,111.61090087890625,1872.800048828125,199.98477172851562,309.7883605957031,45.52536392211914
2020-09-29,110.76624298095703,1894.300048828125,197.90321350097656,308.10113525390625,45.153316497802734
2020-09-30,112.43614196777344,1887.5,200.83462524414062,310.4371337890625,44.85737228393555
2020-10-01,113.38758850097656,1908.4000244140625,202.8684539794922,312.43023681640625,44.63751983642578
2020-10-02,109.7274169921875,1900.199951171875,196.88153076171875,309.4638366699219,43.94415283203125
2020-10-05,113.10604095458984,1912.5,200.88238525390625,314.9515380859375,43.927242279052734
2020-10-06,109.86334991455078,1901.0999755859375,196.61415100097656,310.4742431640625,44.23164749145508
2020-10-07,111.72740173339844,1883.5999755859375,200.357177734375,315.8785400390625,44.27392578125
2020-10-08,111.62062072753906,1888.5999755859375,201.0733184814453,318.67803955078125,44.97574996948242
2020-10-09,113.56233215332031,1919.5,206.06719970703125,321.52386474609375,44.97574996948242
2020-10-12,120.77588653564453,1922.5,211.40481567382812,326.6963806152344,45.077213287353516
2020-10-13,117.57202911376953,1888.5,212.79896545410156,324.5644836425781,44.070987701416016
2020-10-14,117.659423828125,1901.300048828125,210.8892364501953,322.5249938964844,42.929473876953125
2020-10-15,117.19339752197266,1903.199951171875,209.743408203125,322.12640380859375,42.87874221801758
2020-10-16,115.55261993408203,1900.800048828125,209.743408203125,321.9317626953125,43.0478515625
2020-10-19,112.6011962890625,1906.4000244140625,204.54904174804688,317.037353515625,43.0478515625
2020-10-20,114.08661651611328,1910.4000244140625,204.9595947265625,318.30731201171875,43.88496398925781
2020-10-21,113.46528625488281,1924.5999755859375,205.10281372070312,317.7047119140625,44.020259857177734
2020-10-22,112.37789916992188,1901.0999755859375,205.188720703125,319.4474182128906,44.99265670776367
2020-10-23,111.68854522705078,1902.0,206.46823120117188,320.5319519042969,44.7812614440918
2020-10-26,111.69829559326172,1902.699951171875,200.5958709716797,314.608642578125,44.18937301635742
2020-10-27,113.20313262939453,1908.800048828125,203.622802734375,313.5240783691406,44.028709411621094
2020-10-28,107.96044158935547,1876.199951171875,193.52996826171875,302.8081359863281,43.79195022583008
2020-10-29,111.9604263305664,1865.5999755859375,195.47787475585938,305.8857421875,43.597476959228516
2020-10-30,105.68861389160156,1877.4000244140625,193.32943725585938,302.6968688964844,43.33534622192383
2020-11-02,105.60122680664062,1890.4000244140625,193.19577026367188,306.08966064453125,43.33534622192383
2020-11-03,107.22257995605469,1908.5,197.11062622070312,311.4939270019531,44.383846282958984
2020-11-04,111.6011962890625,1894.5999755859375,206.6210174560547,318.4555969238281,45.195587158203125
2020-11-05,115.56233215332031,1945.300048828125,213.20950317382812,324.66632080078125,46.058074951171875
2020-11-06,115.4310531616211,1950.300048828125,213.6201171875,324.59228515625,45.728302001953125
2020-11-09,113.12611389160156,1853.199951171875,208.5307159423828,328.67095947265625,45.077213287353516
2020-11-10,112.78572082519531,1875.4000244140625,201.48390197753906,328.18890380859375,45.33934020996094
2020-11-11,116.2090835571289,1860.699951171875,206.7737579345703,330.6268310546875,45.4069938659668
2020-11-12,115.93675994873047,1872.5999755859375,205.7139434814453,327.41943359375,46.01579284667969
2020-11-13,115.98540496826172,1885.699951171875,206.735595703125,331.9523620605469,47.11503601074219
2020-11-16,116.996826171875,1887.300048828125,207.42311096191406,336.0960388183594,47.11503601074219
2020-11-17,116.11181640625,1884.5,204.7781524658203,334.2884216308594,48.23964309692383
2020-11-18,114.7891845703125,1873.5,202.0784454345703,330.2653503417969,48.59477996826172
2020-11-19,115.38241577148438,1861.0999755859375,203.3612823486328,331.65582275390625,47.79148483276367
2020-11-20,114.11810302734375,1872.5999755859375,201.41786193847656,329.38470458984375,48.518680572509766
2020-11-23,110.72395324707031,1837.800048828125,201.1497802734375,331.3591613769531,48.63862609863281
2020-11-24,112.0076904296875,1804.800048828125,204.7398681640625,336.6986389160156,46.51383972167969
2020-11-25,112.84407806396484,1805.699951171875,204.74940490722656,336.1794738769531,45.485721588134766
2020-11-26,112.84407806396484,1805.699951171875,204.74940490722656,336.1794738769531,46.15399932861328
2020-11-27,113.38868713378906,1781.9000244140625,206.05140686035156,337.1156921386719,45.30580139160156
2020-11-30,115.7811508178711,1775.699951171875,204.94093322753906,335.6233215332031,45.622806549072266
2020-12-01,119.35037994384766,1814.0999755859375,206.9896697998047,339.2940979003906,47.2763671875
2020-12-02,119.70051574707031,1825.699951171875,206.1855010986328,340.00799560546875,48.01318359375
2020-12-03,119.5643539428711,1836.800048828125,205.1036376953125,339.9151916503906,48.53581237792969
2020-12-04,118.89329528808594,1835.9000244140625,205.21853637695312,342.84454345703125,46.81371307373047
2020-12-07,120.35210418701172,1861.800048828125,205.1515350341797,342.1399841308594,46.33392333984375
2020-12-08,120.96480560302734,1870.800048828125,206.79818725585938,343.14111328125,46.428165435791016
2020-12-09,118.43620300292969,1834.5999755859375,202.7677001953125,340.0635681152344,46.01691818237305
2020-12-10,119.8561019897461,1833.5999755859375,201.54234313964844,339.9522705078125,47.550533294677734
2020-12-11,119.04891967773438,1839.800048828125,204.16543579101562,339.55364990234375,48.8356819152832
2020-12-14,118.43620300292969,1828.699951171875,205.06533813476562,338.033447265625,48.80962371826172
2020-12-15,124.36869812011719,1852.300048828125,204.99830627441406,342.6034851074219,48.1321907043457
2020-12-16,124.30062866210938,1856.0999755859375,209.92874145507812,343.14111328125,48.444862365722656
2020-12-17,125.1661605834961,1887.199951171875,210.06275939941406,345.05999755859375,48.9051628112793
2020-12-18,123.18221282958984,1885.699951171875,209.26815795898438,343.68218994140625,49.078861236572266
2020-12-21,124.70909118652344,1879.199951171875,213.09756469726562,342.45330810546875,48.2537841796875
2020-12-22,128.25892639160156,1866.5999755859375,214.38999938964844,341.8761291503906,48.045345306396484
2020-12-23,127.36412811279297,1874.699951171875,211.59449768066406,342.1833801269531,48.66197967529297
2020-12-24,128.34642028808594,1879.9000244140625,213.25071716308594,343.51458740234375,48.43616485595703
2020-12-28,132.93679809570312,1877.199951171875,215.36651611328125,346.4656677246094,48.69672393798828
2020-12-29,131.16680908203125,1879.699951171875,214.59104919433594,345.80474853515625,49.886566162109375
2020-12-30,130.04830932617188,1891.0,212.22633361816406,346.29815673828125,49.886566162109375
2020-12-31,129.04661560058594,1893.0999755859375,212.93484497070312,348.0577087402344,48.61854934692383
2021-01-04,125.85673522949219,1944.699951171875,208.40655517578125,343.31915283203125,49.695499420166016
2021-01-05,127.41275787353516,1952.699951171875,208.60755920410156,345.6837158203125,50.33818054199219
2021-01-06,123.12384033203125,1906.9000244140625,203.19854736328125,347.75042724609375,51.94490432739258
2021-01-07,127.32522583007812,1912.300048828125,208.98097229003906,352.9170837402344,50.989559173583984
2021-01-08,128.4242401123047,1834.0999755859375,210.25424194335938,354.9279479980469,52.76129913330078
2021-01-11,125.43848419189453,1849.5999755859375,208.21507263183594,352.5353698730469,52.908935546875
2021-01-12,125.26345825195312,1842.9000244140625,205.7642364501953,352.6098327636719,53.629791259765625
2021-01-13,127.29607391357422,1853.5999755859375,207.11415100097656,353.55938720703125,54.88043212890625
2021-01-14,125.37042999267578,1850.300048828125,203.93569946289062,352.3212585449219,56.026851654052734
2021-01-15,123.64904022216797,1829.300048828125,203.5814666748047,349.7518615722656,57.24274444580078
2021-01-18,123.64904022216797,1829.300048828125,203.5814666748047,349.7518615722656,58.72789001464844
2021-01-19,124.320068359375,1839.5,207.2098388671875,352.4981384277344,55.57522964477539
2021-01-20,128.40475463867188,1865.9000244140625,214.77293395996094,357.3763122558594,53.81217575073242
2021-01-21,133.1118621826172,1865.300048828125,215.3760528564453,357.7020568847656,52.978416442871094
2021-01-22,135.25149536132812,1855.699951171875,216.3142547607422,356.43597412109375,52.344417572021484
2021-01-25,138.9957275390625,1854.9000244140625,219.74159240722656,357.841796875,53.20423126220703
2021-01-26,139.22915649414062,1850.699951171875,222.42222595214844,357.28314208984375,53.2650260925293
2021-01-27,138.1593475341797,1844.9000244140625,222.9678955078125,348.5509338378906,52.17071533203125
2021-01-28,133.32582092285156,1837.9000244140625,228.74072265625,351.54864501953125,52.11859893798828
2021-01-29,128.33670043945312,1847.300048828125,222.06800842285156,344.5107116699219,50.67689895629883
2021-02-01,130.45681762695312,1860.800048828125,229.4300537109375,350.245361328125,50.67689895629883
2021-02-02,131.28347778320312,1830.5,229.29600524902344,355.1979064941406,51.73646926879883
2021-02-03,130.26229858398438,1832.199951171875,232.63717651367188,355.47711181640625,50.70295333862305
2021-02-04,133.61758422851562,1788.9000244140625,231.6894073486328,359.517333984375,51.86674499511719
2021-02-05,133.20362854003906,1810.9000244140625,231.8712921142578,360.932373046875,52.474693298339844
2021-02-08,133.3497314453125,1831.9000244140625,232.1297607421875,363.53900146484375,52.67444610595703
2021-02-09,132.47317504882812,1835.300048828125,233.37435913085938,363.2969970703125,54.17695236206055
2021-02-10,131.86927795410156,1840.5999755859375,232.46487426757812,363.1387023925781,53.2650260925293
2021-02-11,131.61598205566406,1824.9000244140625,234.06361389160156,363.7252502441406,52.38784408569336
2021-02-12,131.84976196289062,1821.5999755859375,234.5422821044922,365.52197265625,52.830780029296875
2021-02-15,131.84976196289062,1821.5999755859375,234.5422821044922,365.52197265625,53.40398025512695
2021-02-16,129.72642517089844,1797.199951171875,233.30734252929688,365.20538330078125,53.82954788208008
2021-02-17,127.43758392333984,1771.0999755859375,234.32443237304688,365.2890930175781,54.64593505859375
2021-02-18,126.33695983886719,1773.4000244140625,233.93101501464844,363.7344970703125,52.240196228027344
2021-02-19,126.49279022216797,1775.800048828125,231.22506713867188,363.09222412109375,54.037986755371094
2021-02-22,122.72342681884766,1806.699951171875,225.02630615234375,360.2993469238281,52.379150390625
2021-02-23,122.58707427978516,1804.4000244140625,223.8365020751953,360.7369079589844,54.498294830322266
2021-02-24,122.09032440185547,1796.4000244140625,225.06471252441406,364.7118835449219,53.447410583496094
2021-02-25,117.84371948242188,1774.4000244140625,219.72955322265625,355.9239196777344,51.77120590209961
2021-02-26,118.10671997070312,1728.0999755859375,222.9824676513672,354.0899963378906,51.832000732421875
2021-03-01,124.46688079833984,1722.5,227.35809326171875,362.6732482910156,52.57890701293945
2021-03-02,121.8663330078125,1733.0999755859375,224.4121856689453,359.8432312011719,53.291080474853516
2021-03-03,118.88587951660156,1715.300048828125,218.3573760986328,355.0767822265625,54.81962966918945
2021-03-04,117.00608825683594,1700.199951171875,217.56094360351562,350.6827697753906,55.46232604980469
2021-03-05,118.26253509521484,1698.0,222.23403930664062,357.13421630859375,54.9151725769043
2021-03-08,113.3341293334961,1677.699951171875,218.19424438476562,355.3560791015625,55.94868087768555
2021-03-09,117.94111633300781,1716.5999755859375,224.32582092285156,360.42974853515625,55.81840896606445
2021-03-10,116.86000061035156,1721.5,223.02081298828125,362.6732482910156,57.225379943847656
2021-03-11,118.78849792480469,1722.300048828125,227.5403594970703,366.35040283203125,56.07027053833008
2021-03-12,117.8826904296875,1719.5,226.2161865234375,366.8438415527344,56.617431640625
2021-03-15,120.76571655273438,1728.9000244140625,225.3141632080078,369.0314636230469,56.617431640625
2021-03-16,122.30463409423828,1730.5999755859375,228.09689331054688,368.56610107421875,57.57278060913086
2021-03-17,121.51568603515625,1726.800048828125,227.4540252685547,369.8227844238281,55.140987396240234
2021-03-18,117.39568328857422,1732.199951171875,221.38955688476562,364.4420471191406,55.305999755859375
2021-03-19,116.8697280883789,1741.4000244140625,221.03460693359375,363.7677307128906,53.94245910644531
2021-03-22,120.18132781982422,1737.800048828125,226.44644165039062,366.6722717285156,54.10746383666992
2021-03-23,119.35342407226562,1724.699951171875,227.97216796875,363.7864074707031,54.48092269897461
2021-03-24,116.96710968017578,1732.9000244140625,225.93789672851562,361.9371032714844,55.827091217041016
2021-03-25,117.45409393310547,1724.9000244140625,222.94407653808594,363.97320556640625,56.869293212890625
2021-03-26,118.0580062866211,1732.199951171875,226.9166717529297,369.83856201171875,60.75148391723633
2021-03-29,118.23332214355469,1712.0999755859375,225.72679138183594,369.6517333984375,57.590145111083984
2021-03-30,116.78205871582031,1683.9000244140625,222.47389221191406,368.671142578125,57.529354095458984
2021-03-31,118.97356414794922,1713.800048828125,226.23536682128906,370.1654357910156,55.99211502075195
2021-04-01,119.80144500732422,1726.5,232.54928588867188,374.162841796875,55.99211502075195
2021-04-05,122.62605285644531,1727.0,238.9975128173828,379.5332336425781,58.06782150268555
2021-04-06,122.92797088623047,1741.5,237.83644104003906,379.3091735839844,56.54795455932617
2021-04-07,124.57402801513672,1740.0999755859375,239.79393005371094,379.7481384277344,55.557857513427734
2021-04-08,126.97005462646484,1756.800048828125,243.00848388671875,381.55072021484375,57.416446685791016
2021-04-09,129.54141235351562,1743.300048828125,245.50332641601562,384.32464599609375,55.53181076049805
2021-04-12,127.82720184326172,1731.199951171875,245.5608673095703,384.4647521972656,55.097557067871094
2021-04-13,130.9342041015625,1746.199951171875,248.03656005859375,385.6042175292969,55.61865234375
2021-04-14,128.59664916992188,1734.9000244140625,245.2538604736328,384.28729248046875,55.68814468383789
2021-04-15,131.00234985351562,1765.4000244140625,249.0056915283203,388.4154968261719,54.941226959228516
2021-04-16,130.67124938964844,1779.0,250.1956024169922,389.7137145996094,55.27125930786133
2021-04-19,131.3335418701172,1769.4000244140625,248.27638244628906,387.7990417480469,53.968505859375
2021-04-20,129.64854431152344,1777.300048828125,247.81588745117188,384.9598083496094,55.49706268310547
2021-04-21,130.0283966064453,1792.300048828125,250.0419921875,388.6023254394531,54.95859146118164
2021-04-22,128.5089569091797,1781.199951171875,246.76995849609375,385.0531921386719,56.087646484375
2021-04-23,130.82708740234375,1777.0,250.58897399902344,389.22802734375,56.49584197998047
2021-04-26,131.2167205810547,1779.199951171875,250.97283935546875,390.0406188964844,55.97473907470703
2021-04-27,130.895263671875,1778.0,251.37588500976562,389.95660400390625,56.556636810302734
2021-04-28,130.1063232421875,1773.199951171875,244.26551818847656,389.8444519042969,57.008262634277344
2021-04-29,130.00894165039062,1768.0999755859375,242.29840087890625,392.3288879394531,57.37302780151367
2021-04-30,128.0414581298828,1767.300048828125,241.9817352294922,389.7511901855469,57.590145111083984
2021-05-03,129.09336853027344,1791.4000244140625,241.67465209960938,390.5917663574219,57.20801544189453
2021-05-04,124.52535247802734,1775.800048828125,237.76925659179688,388.1820068359375,56.834556579589844
2021-05-05,124.76885223388672,1784.0999755859375,236.50267028808594,388.3034362792969,56.087646484375
2021-05-06,126.36619567871094,1815.5,239.63082885742188,391.40423583984375,56.48715591430664
2021-05-07,127.03938293457031,1831.0999755859375,242.2504425048828,394.2528991699219,56.52189636230469
2021-05-10,123.76121520996094,1837.5,237.18392944335938,390.3488464355469,55.540489196777344
2021-05-11,122.84408569335938,1835.9000244140625,236.27236938476562,386.8651123046875,54.837005615234375
2021-05-12,119.7805404663086,1822.5999755859375,229.33473205566406,378.6460266113281,54.42013168334961
2021-05-13,121.92697143554688,1823.800048828125,233.2017822265625,383.1945495605469,53.629791259765625
2021-05-14,124.3465805053711,1837.9000244140625,238.1147003173828,389.0786437988281,53.91639709472656
2021-05-17,123.19532012939453,1867.5,235.26486206054688,388.088623046875,54.124839782714844
2021-05-18,121.80989074707031,1867.800048828125,233.249755859375,384.7449645996094,53.968505859375
2021-05-19,121.65380859375,1881.300048828125,233.82681274414062,383.7361755371094,54.32459259033203
2021-05-20,124.20999908447266,1881.800048828125,237.05838012695312,387.8644104003906,54.28984451293945
2021-05-21,122.37578582763672,1876.699951171875,235.79844665527344,387.546875,54.611202239990234
2021-05-24,124.00509643554688,1884.5999755859375,241.19403076171875,391.4976806640625,54.51565933227539
2021-05-25,123.80997467041016,1898.0999755859375,242.09808349609375,390.6290588378906,54.71541213989258
2021-05-26,123.76121520996094,1901.300048828125,241.8768768310547,391.40423583984375,54.750160217285156
2021-05-27,122.22941589355469,1895.699951171875,239.78021240234375,391.6097106933594,54.498294830322266
2021-05-28,121.57575225830078,1902.5,240.13604736328125,392.3102111816406,55.349422454833984
2021-05-31,121.57575225830078,1902.5,240.13604736328125,392.3102111816406,56.7998161315918
2021-06-01,121.25377655029297,1902.9000244140625,237.94322204589844,391.9646911621094,56.49584197998047
2021-06-02,122.0147933959961,1907.5,237.8470458984375,392.5810546875,56.35688018798828
2021-06-03,120.53179168701172,1871.199951171875,236.31784057617188,391.1240539550781,56.49584197998047
2021-06-04,122.8245849609375,1889.800048828125,241.20358276367188,394.7013244628906,55.44496154785156
2021-06-07,122.83433532714844,1896.800048828125,244.10818481445312,394.3182678222656,56.12239074707031
2021-06-08,123.65386962890625,1892.199951171875,242.91561889648438,394.40234375,57.26880645751953
2021-06-09,124.03438568115234,1893.199951171875,243.89659118652344,393.8139343261719,56.28739547729492
2021-06-10,123.03922271728516,1894.199951171875,247.40707397460938,395.6445007324219,56.63479995727539
2021-06-11,124.24903106689453,1877.4000244140625,248.03224182128906,396.29833984375,56.47846603393555
2021-06-14,127.30280303955078,1864.0,249.95578002929688,397.1855773925781,56.382930755615234
2021-06-15,126.48323822021484,1854.5,248.48423767089844,396.4571838378906,57.016944885253906
2021-06-16,126.98078155517578,1859.5,247.54171752929688,394.24359130859375,55.601287841796875
2021-06-17,128.58090209960938,1773.800048828125,250.9271697998047,394.1128234863281,55.10624313354492
2021-06-18,127.28331756591797,1767.9000244140625,249.51333618164062,388.7959899902344,55.140987396240234
2021-06-21,129.0784912109375,1781.800048828125,252.5911102294922,394.36199951171875,54.984657287597656
2021-06-22,130.71759033203125,1776.300048828125,255.3610076904297,396.4704284667969,55.028079986572266
2021-06-23,130.4443817138672,1782.300048828125,255.130126953125,395.9926452636719,55.31467819213867
2021-06-24,130.16148376464844,1775.5999755859375,256.4957275390625,398.33514404296875,56.37425231933594
2021-06-25,129.8687744140625,1776.5999755859375,254.88967895507812,399.7500305175781,56.31344985961914
2021-06-28,131.49810791015625,1779.5999755859375,258.4482421875,400.555908203125,56.63479995727539
2021-06-29,133.0103759765625,1762.800048828125,261.0258483886719,400.77142333984375,57.52066421508789
2021-06-30,133.62501525878906,1770.800048828125,260.5448913574219,401.1086730957031,56.513214111328125
2021-07-01,133.92750549316406,1775.9000244140625,261.21820068359375,403.32952880859375,55.74024200439453
2021-07-02,136.5519561767578,1782.5999755859375,267.0369567871094,406.412353515625,55.41021728515625
2021-07-05,136.5519561767578,1782.5999755859375,267.0369567871094,406.412353515625,56.06159210205078
2021-07-06,138.56179809570312,1793.5,267.0465087890625,405.672119140625,55.17572021484375
2021-07-07,141.04971313476562,1801.5,269.2297668457031,407.10577392578125,54.9151725769043
2021-07-08,139.7521514892578,1799.5999755859375,266.8157653808594,403.7886657714844,55.50575256347656
2021-07-09,141.57655334472656,1810.0,267.3158264160156,408.09906005859375,54.88043212890625
2021-07-12,140.9813995361328,1805.5,266.7195739746094,409.56085205078125,54.63725280761719
2021-07-13,142.0936279296875,1809.4000244140625,270.2396240234375,408.1646728515625,55.140987396240234
2021-07-14,145.51821899414062,1824.300048828125,271.71112060546875,408.773681640625,55.028079986572266
2021-07-15,144.86448669433594,1828.4000244140625,270.2877197265625,407.3775329589844,57.12984848022461
2021-07-16,142.82540893554688,1814.5,270.0184020996094,404.1822204589844,57.21668243408203
2021-07-19,138.98129272460938,1808.699951171875,266.42144775390625,398.21331787109375,55.966060638427734
2021-07-20,142.5912322998047,1810.9000244140625,268.6430969238281,403.9197998046875,55.57522964477539
2021-07-21,141.8594970703125,1802.9000244140625,270.6435852050781,407.19012451171875,55.54917907714844
2021-07-22,143.22540283203125,1805.0,275.2023620605469,408.04278564453125,56.48715591430664
2021-07-23,144.9425506591797,1801.4000244140625,278.5974426269531,412.2406921386719,56.33082580566406
2021-07-26,145.36207580566406,1798.699951171875,278.00115966796875,413.2527770996094,57.39907455444336
2021-07-27,143.19610595703125,1799.5,275.5870361328125,411.3693542480469,56.9735107421875
2021-07-28,141.44972229003906,1799.5,275.27935791015625,411.20068359375,57.58146667480469
2021-07-29,142.0936279296875,1831.199951171875,275.54864501953125,412.906005859375,56.80849838256836
2021-07-30,142.30831909179688,1812.5999755859375,274.0193786621094,410.9008483886719,56.990882873535156
2021-08-02,141.97659301757812,1818.0999755859375,273.932861328125,410.0386962890625,57.894126892089844
2021-08-03,143.77175903320312,1810.0999755859375,276.1449279785156,413.3744812011719,57.798583984375
2021-08-04,143.37179565429688,1810.5,275.5582580566406,411.34124755859375,57.69436264038086
2021-08-05,143.47909545898438,1805.0999755859375,278.4531555175781,413.9461669921875,57.972286224365234
2021-08-06,142.7951202392578,1760.0,278.3955383300781,414.63018798828125,58.076507568359375
2021-08-09,142.74627685546875,1723.4000244140625,277.30865478515625,414.2929382324219,58.771305084228516
2021-08-10,142.26747131347656,1728.800048828125,275.4909362792969,414.8082275390625,58.753936767578125
2021-08-11,142.52154541015625,1750.4000244140625,275.9814147949219,415.8390197753906,59.2055549621582
2021-08-12,145.48216247558594,1749.0,278.7320556640625,417.0852355957031,59.917724609375
2021-08-13,145.6873779296875,1775.199951171875,281.656005859375,417.84429931640625,60.994667053222656
2021-08-16,147.66111755371094,1786.9000244140625,283.3390197753906,418.828125,60.71674346923828
2021-08-17,146.75242614746094,1785.0,281.8771057128906,416.08258056640625,61.05546188354492
2021-08-18,143.01007080078125,1781.5999755859375,280.1522216796875,411.528564453125,63.66096115112305
2021-08-19,143.34226989746094,1780.199951171875,285.97247314453125,412.16583251953125,62.158447265625
2021-08-20,144.79820251464844,1781.0,293.28631591796875,415.4454040527344,61.576560974121094
2021-08-23,146.28341674804688,1803.199951171875,293.5657653808594,419.0998840332031,62.3408317565918
2021-08-24,146.19546508789062,1805.5999755859375,291.6096496582031,419.7652282714844,63.070369720458984
2021-08-25,144.9642791748047,1788.199951171875,291.0218505859375,420.6460266113281,63.40909957885742
2021-08-26,144.16302490234375,1792.199951171875,288.2080993652344,418.1628112792969,63.026947021484375
2021-08-27,145.19882202148438,1816.5999755859375,288.81512451171875,421.901611328125,61.9239616394043
2021-08-30,149.61537170410156,1809.0,292.5443420410156,423.7569580078125,61.37680435180664
2021-08-31,148.3548583984375,1815.0,290.89654541015625,423.1291198730469,62.06291198730469
2021-09-01,149.0193328857422,1813.0999755859375,290.8484191894531,423.35400390625,61.91526412963867
2021-09-02,150.1332244873047,1808.699951171875,290.1930847167969,424.6565246582031,60.51698684692383
2021-09-03,150.76834106445312,1830.9000244140625,290.1835021972656,424.5533752441406,60.482242584228516
2021-09-06,150.76834106445312,1830.9000244140625,290.1835021972656,424.5533752441406,61.316009521484375
2021-09-07,153.10366821289062,1795.9000244140625,289.2584228515625,423.03546142578125,61.14229965209961
2021-09-08,151.55978393554688,1790.699951171875,289.28729248046875,422.52001953125,61.56787109375
2021-09-09,150.5436248779297,1797.4000244140625,286.43505859375,420.7115478515625,62.59269332885742
2021-09-10,145.56031799316406,1789.5999755859375,284.9510192871094,417.3944396972656,61.70683288574219
2021-09-13,146.12709045410156,1792.0,286.1844482421875,418.4626770019531,62.271358489990234
2021-09-14,144.72976684570312,1804.699951171875,288.8825988769531,416.20440673828125,62.21924591064453
2021-09-15,145.61900329589844,1792.4000244140625,293.7295837402344,419.6808166503906,62.13239288330078
2021-09-16,145.38442993164062,1754.5999755859375,294.11505126953125,419.0155944824219,62.13239288330078
2021-09-17,142.7169189453125,1749.4000244140625,288.95965576171875,414.933837890625,62.99220657348633
2021-09-20,139.66835021972656,1761.800048828125,283.59228515625,408.01519775390625,62.01948928833008
2021-09-21,140.1471405029297,1776.0,284.07415771484375,407.6297607421875,63.34829330444336
2021-09-22,142.51177978515625,1776.699951171875,287.7165832519531,411.6061096191406,63.36566925048828
2021-09-23,143.46932983398438,1747.699951171875,288.6609802246094,416.60711669921875,62.81850814819336
2021-09-24,143.55728149414062,1749.699951171875,288.4586486816406,417.29339599609375,62.05423355102539
2021-09-27,142.04270935058594,1750.0,283.46710205078125,416.0994873046875,63.47856521606445
2021-09-28,138.6619415283203,1735.800048828125,273.2044982910156,407.71441650390625,61.359432220458984
2021-09-29,139.56085205078125,1721.5,273.6670837402344,408.400634765625,61.89790344238281
2021-09-30,138.26132202148438,1755.300048828125,271.662841796875,403.4090270996094,60.907806396484375
2021-10-01,139.38499450683594,1757.0,278.5815124511719,408.20318603515625,60.93387222290039
2021-10-04,135.95535278320312,1766.199951171875,272.8094482421875,402.9389953613281,59.8656120300293
2021-10-05,137.88021850585938,1759.5999755859375,278.25396728515625,407.1315612792969,60.01325607299805
2021-10-06,138.74989318847656,1760.5,282.4456481933594,408.8235778808594,61.54182052612305
2021-10-07,140.0103302001953,1757.9000244140625,284.122314453125,412.3581237792969,60.82965087890625
2021-10-08,139.6292724609375,1756.300048828125,284.122314453125,411.6061096191406,61.13362503051758
2021-10-11,139.54132080078125,1754.5999755859375,283.52490234375,408.626220703125,62.17582321166992
2021-10-12,138.27110290527344,1758.300048828125,282.2240905761719,407.620361328125,62.523216247558594
2021-10-13,137.684814453125,1793.699951171875,285.52923583984375,409.08685302734375,62.51453399658203
2021-10-14,140.46961975097656,1796.699951171875,291.73486328125,415.96795654296875,62.670867919921875
2021-10-15,141.52487182617188,1767.199951171875,293.14178466796875,419.1358642578125,61.72420883178711
2021-10-18,143.1957244873047,1764.800048828125,296.1097106933594,420.37664794921875,61.15967559814453
2021-10-19,145.35513305664062,1769.699951171875,297.0155944824219,423.6198425292969,61.13362503051758
2021-10-20,145.8437042236328,1784.0999755859375,296.22540283203125,425.2837829589844,61.40284729003906
2021-10-21,146.05868530273438,1781.199951171875,299.45343017578125,426.3930358886719,61.81105041503906
2021-10-22,145.28675842285156,1795.5,297.9117431640625,425.9511413574219,63.895450592041016
2021-10-25,145.23788452148438,1806.0,296.9192199707031,428.2354431152344,63.556739807128906
2021-10-26,145.90231323242188,1792.699951171875,298.8271484375,428.62078857421875,63.495948791503906
2021-10-27,145.443115234375,1797.9000244140625,311.4119873046875,426.7220153808594,63.13985824584961
2021-10-28,149.07794189453125,1801.5999755859375,312.549072265625,430.83929443359375,63.11379623413086
2021-10-29,146.37136840820312,1783.0,319.5545349121094,431.713623046875,62.366886138916016
2021-11-01,145.5505828857422,1795.0999755859375,317.38641357421875,432.45623779296875,63.687007904052734
2021-11-02,146.58628845214844,1788.699951171875,321.0095520019531,434.2047119140625,63.687007904052734
2021-11-03,148.02267456054688,1763.5999755859375,321.84796142578125,436.85565185546875,65.18949890136719
2021-11-04,147.5048370361328,1793.0,324.1991271972656,438.9143371582031,65.89299011230469
2021-11-05,148.033203125,1816.4000244140625,323.83294677734375,440.43719482421875,66.25776672363281
2021-11-08,147.2112274169922,1827.4000244140625,324.7291564941406,440.8132019042969,65.8843002319336
2021-11-09,147.57330322265625,1830.199951171875,323.7269287109375,439.356201171875,64.7378921508789
2021-11-10,144.74530029296875,1847.5999755859375,318.7643737792969,435.82159423828125,63.999664306640625
2021-11-11,144.69638061523438,1863.199951171875,320.3350524902344,435.9626159667969,62.70560836791992
2021-11-12,146.77085876464844,1867.9000244140625,324.468994140625,439.2527770996094,63.869388580322266
2021-11-15,146.78065490722656,1866.0999755859375,323.8425598144531,439.403076171875,63.869388580322266
2021-11-16,147.7592010498047,1853.5999755859375,327.15740966796875,441.1422119140625,62.58400344848633
2021-11-17,150.19577026367188,1869.699951171875,327.3794250488281,440.0706787109375,63.01826477050781
2021-11-18,154.4817352294922,1861.0,329.4551086425781,441.56524658203125,62.662193298339844
2021-11-19,157.10426330566406,1851.199951171875,331.2313537597656,440.77557373046875,62.931419372558594
2021-11-22,157.56414794921875,1806.0,328.0649719238281,439.5346984863281,63.21247482299805
2021-11-23,157.9457550048828,1783.5,325.9893798828125,440.11761474609375,63.90634536743164
2021-11-24,158.4644012451172,1784.0999755859375,326.21136474609375,441.29266357421875,63.1510009765625
2021-11-25,158.4644012451172,1784.0999755859375,326.21136474609375,441.29266357421875,62.69426727294922
2021-11-26,153.4445037841797,1785.300048828125,318.2662658691406,431.45037841796875,62.86114501953125
2021-11-29,156.8009033203125,1782.300048828125,324.9757385253906,436.7428894042969,61.29774856567383
2021-11-30,161.7522735595703,1773.5999755859375,319.144775390625,428.244873046875,59.18099594116211
2021-12-01,161.233642578125,1781.5999755859375,318.6524963378906,423.4882507324219,61.148433685302734
2021-12-02,160.24534606933594,1760.699951171875,318.08282470703125,429.9745178222656,61.51732635498047
2021-12-03,158.3665313720703,1782.0,311.8273010253906,426.233154296875,61.359230041503906
2021-12-06,161.77186584472656,1777.5,314.89715576171875,431.2811584472656,61.59636306762695
2021-12-07,167.506103515625,1782.5999755859375,323.3249206542969,440.20220947265625,61.38557052612305
2021-12-08,171.32240295410156,1783.4000244140625,323.3731994628906,441.36785888671875,64.2752456665039
2021-12-09,170.81358337402344,1774.5999755859375,321.56787109375,438.38787841796875,63.844871520996094
2021-12-10,175.59861755371094,1782.9000244140625,330.6811218261719,442.5146484375,64.73196411132812
2021-12-13,171.96823120117188,1786.300048828125,327.6497802734375,438.59466552734375,65.43461608886719
2021-12-14,170.58848571777344,1770.4000244140625,316.9726867675781,435.5771484375,66.3744125366211
2021-12-15,175.4518280029297,1762.5999755859375,323.06427001953125,442.38311767578125,66.32172393798828
2021-12-16,168.5629119873047,1796.5999755859375,313.65179443359375,438.48193359375,67.57770538330078
2021-12-17,167.46693420410156,1803.800048828125,312.58984375,433.815185546875,69.19380950927734
2021-12-20,166.10682678222656,1793.699951171875,308.83453369140625,429.2022705078125,67.51622772216797
2021-12-21,169.2772674560547,1787.9000244140625,315.9590759277344,436.8244323730469,67.25272369384766
2021-12-22,171.87034606933594,1801.5999755859375,321.6644592285156,441.19219970703125,67.93781280517578
2021-12-23,172.4966278076172,1811.199951171875,323.10284423828125,443.9372863769531,68.03443145751953
2021-12-24,172.4966278076172,1811.199951171875,323.10284423828125,443.9372863769531,68.71797180175781
2021-12-27,176.45970153808594,1808.0999755859375,330.59417724609375,450.219970703125,68.95765686035156
2021-12-28,175.4420166015625,1810.199951171875,329.43572998046875,449.85205078125,68.83338165283203
2021-12-29,175.53009033203125,1805.0999755859375,330.1115417480469,450.427490234375,67.56394958496094
2021-12-30,174.37542724609375,1812.699951171875,327.57257080078125,449.1822509765625,67.6615982055664
2021-12-31,173.75894165039062,1827.5,324.67645263671875,448.0502624511719,67.54618835449219
2022-01-03,178.1036376953125,1799.4000244140625,323.1607360839844,450.64447021484375,65.6731185913086
2022-01-04,175.84323120117188,1814.0,317.6195068359375,450.49346923828125,65.2381362915039
2022-01-05,171.1658172607422,1824.5999755859375,305.4267578125,441.8430480957031,65.52220153808594
2022-01-06,168.3085479736328,1788.699951171875,303.01336669921875,441.427978515625,64.84754180908203
2022-01-07,168.47486877441406,1797.0,303.1678161621094,439.68280029296875,64.90967559814453
2022-01-10,168.49441528320312,1798.4000244140625,303.38983154296875,439.1356506347656,64.03971862792969
2022-01-11,171.32240295410156,1818.5999755859375,304.0752868652344,443.1354064941406,64.16400146484375
2022-01-12,171.76272583007812,1827.199951171875,307.25128173828125,444.33349609375,64.56346893310547
2022-01-13,168.49441528320312,1821.199951171875,294.2476501464844,438.21124267578125,63.78227233886719
2022-01-14,169.3555145263672,1816.5,299.460693359375,438.3904113769531,63.43606948852539
2022-01-17,169.3555145263672,1816.5,299.460693359375,438.3904113769531,63.36505126953125
2022-01-18,166.15570068359375,1812.300048828125,292.1721496582031,430.626708984375,62.98334503173828
2022-01-19,162.66233825683594,1843.0999755859375,292.8285217285156,426.15521240234375,63.16975402832031
2022-01-20,160.97923278808594,1842.5,291.158447265625,421.4385070800781,62.512847900390625
2022-01-21,158.92431640625,1831.800048828125,285.7813415527344,413.1654357910156,62.61937713623047
2022-01-24,158.15127563476562,1841.699951171875,286.10943603515625,414.9200439453125,62.6815185546875
2022-01-25,156.35081481933594,1852.699951171875,278.5022888183594,409.8542175292969,63.03660202026367
2022-01-26,156.26268005371094,1829.9000244140625,286.4377136230469,408.8260498046875,61.60737228393555
2022-01-27,155.8027801513672,1793.300048828125,289.4593811035156,406.8072814941406,61.749412536621094
2022-01-28,166.67431640625,1784.9000244140625,297.5879211425781,416.9105224609375,62.317543029785156
2022-01-31,171.02883911132812,1795.0,300.2137756347656,424.4194641113281,62.2642936706543
2022-02-01,170.8625030517578,1800.300048828125,298.070556640625,427.2873229980469,63.75564193725586
2022-02-02,172.06610107421875,1809.199951171875,302.6078186035156,431.43798828125,64.54571533203125
2022-02-03,169.18914794921875,1803.0,290.820556640625,421.2970275878906,62.4595947265625
2022-02-04,168.90504455566406,1806.5999755859375,295.3481140136719,423.27813720703125,63.19638442993164
2022-02-07,168.18983459472656,1820.5999755859375,290.5309753417969,421.919677734375,63.19638442993164
2022-02-08,171.2957305908203,1826.5999755859375,294.0160217285156,425.39111328125,65.01620483398438
2022-02-09,172.71640014648438,1835.199951171875,300.43572998046875,431.6172180175781,65.38904571533203
2022-02-10,168.6405029296875,1836.199951171875,291.9114074707031,423.8629455566406,65.22037506103516
2022-02-11,165.23086547851562,1840.800048828125,284.8255920410156,415.5048828125,66.39215850830078
2022-02-14,165.4660186767578,1868.0,284.7868957519531,414.1465148925781,64.59010314941406
2022-02-15,169.29693603515625,1854.800048828125,290.0675964355469,420.82537841796875,66.23238372802734
2022-02-16,169.0618133544922,1870.199951171875,289.7289733886719,421.2970275878906,67.37752532958984
2022-02-17,165.4660186767578,1900.699951171875,281.2450866699219,412.29754638671875,65.02507781982422
2022-02-18,163.91798400878906,1898.5999755859375,278.53643798828125,409.6278991699219,64.35929870605469
2022-02-21,163.91798400878906,1898.5999755859375,278.53643798828125,409.6278991699219,63.7290153503418
2022-02-22,160.99818420410156,1906.0999755859375,278.33331298828125,405.2319030761719,64.16400146484375
2022-02-23,156.83409118652344,1909.199951171875,271.1263427734375,398.0436706542969,63.524845123291016
2022-02-24,159.45013427734375,1925.0999755859375,284.97918701171875,404.0338439941406,64.19062042236328
2022-02-25,161.5174560546875,1886.5,287.6104736328125,412.948486328125,67.049072265625
2022-02-28,161.7820587158203,1899.4000244140625,289.0422058105469,411.89190673828125,69.15294647216797
2022-03-01,159.9008331298828,1942.4000244140625,285.3274230957031,405.6186828613281,68.18534851074219
2022-03-02,163.19290161132812,1920.9000244140625,290.3965148925781,413.0805358886719,66.0281982421875
2022-03-03,162.8695831298828,1934.4000244140625,286.26580810546875,411.02398681640625,66.8005142211914
2022-03-04,159.8714141845703,1965.0999755859375,280.4035339355469,407.6845703125,67.22661590576172
2022-03-07,156.0796661376953,1993.9000244140625,269.8106994628906,395.66644287109375,66.1524658203125
2022-03-08,154.2572784423828,2040.0999755859375,266.8505554199219,392.66656494140625,68.2652359008789
2022-03-09,159.6558837890625,1985.9000244140625,279.087890625,403.19427490234375,70.59104919433594
2022-03-10,155.31544494628906,1998.0999755859375,276.27276611328125,401.3736267089844,69.68557739257812
2022-03-11,151.60203552246094,1982.699951171875,270.93292236328125,396.2701416015625,67.53730773925781
2022-03-14,147.5751495361328,1959.5999755859375,267.42132568359375,393.37408447265625,67.43966674804688
2022-03-15,151.95480346679688,1928.5,277.7818908691406,402.0245361328125,69.33049011230469
2022-03-16,156.36383056640625,1908.0,284.7856750488281,410.93914794921875,67.83914184570312
2022-03-17,157.3730010986328,1942.0999755859375,285.58856201171875,416.080322265625,68.47827911376953
2022-03-18,160.66502380371094,1928.199951171875,290.62860107421875,420.6376647949219,68.96653747558594
2022-03-21,162.03677368164062,1928.5999755859375,289.4000244140625,420.5146484375,68.96653747558594
2022-03-22,165.40724182128906,1920.699951171875,294.14031982421875,425.43524169921875,70.03179168701172
2022-03-23,166.76913452148438,1936.5999755859375,289.7193298339844,419.9562683105469,69.23284149169922
2022-03-24,170.55111694335938,1961.5999755859375,294.17889404296875,426.28680419921875,69.73884582519531
2022-03-25,171.18795776367188,1953.800048828125,293.7725830078125,428.3686218261719,69.76547241210938
2022-03-28,172.05015563964844,1939.5999755859375,300.5636291503906,431.4156188964844,70.86624145507812
2022-03-29,175.34225463867188,1912.0,305.11993408203125,436.7525939941406,69.75659942626953
2022-03-30,174.17626953125,1933.5,303.62054443359375,434.0558166503906,71.31896209716797
2022-03-31,171.08018493652344,1949.199951171875,298.2514953613281,427.3750915527344,72.7215576171875
2022-04-01,170.78623962402344,1919.0999755859375,299.3254089355469,428.5863342285156,71.46988677978516
2022-04-04,174.83274841308594,1929.199951171875,304.6942443847656,432.2578430175781,69.23284149169922
2022-04-05,171.52105712890625,1922.9000244140625,300.73773193359375,426.7978515625,69.83649444580078
2022-04-06,168.35641479492188,1918.4000244140625,289.7289733886719,422.5301208496094,71.72732543945312
2022-04-07,168.66009521484375,1933.800048828125,291.53802490234375,424.6593017578125,71.23908233642578
2022-04-08,166.65155029296875,1941.5999755859375,287.2815246582031,423.5238037109375,70.6886978149414
2022-04-11,162.39926147460938,1944.300048828125,275.95361328125,416.28472900390625,70.05841827392578
2022-04-12,164.2706756591797,1972.0999755859375,272.85797119140625,414.7422790527344,70.271484375
2022-04-13,166.9552764892578,1981.0,278.2365417480469,419.49261474609375,69.11744689941406
2022-04-14,161.9485626220703,1970.9000244140625,270.7006530761719,414.26922607421875,69.11744689941406
2022-04-18,161.73301696777344,1982.9000244140625,271.3681945800781,414.439453125,68.87775421142578
2022-04-19,164.01593017578125,1955.699951171875,275.9922180175781,421.129638671875,67.64383697509766
2022-04-20,163.84933471679688,1952.300048828125,277.0176696777344,420.8173828125,67.89240264892578
2022-04-21,163.0557403564453,1944.9000244140625,271.6487121582031,414.524658203125,67.50180053710938
2022-04-22,158.51931762695312,1931.0,265.0899353027344,403.1505126953125,67.19998168945312
2022-04-25,159.58731079101562,1893.199951171875,271.56170654296875,405.48779296875,68.0433120727539
2022-04-26,153.6302032470703,1901.4000244140625,261.4042663574219,393.7444763183594,67.7503662109375
2022-04-27,153.4048614501953,1885.9000244140625,273.9801025390625,394.85162353515625,65.77075958251953
2022-04-28,160.33193969726562,1888.699951171875,280.1810302734375,404.8253173828125,65.10496520996094
2022-04-29,154.4630126953125,1909.300048828125,268.4660949707031,389.86480712890625,64.05747985839844
2022-05-02,154.76678466796875,1861.800048828125,275.1893615722656,392.2115173339844,65.44230651855469
2022-05-03,156.25604248046875,1868.800048828125,272.5871276855469,394.0094909667969,63.258522033691406
2022-05-04,162.663818359375,1867.0,280.5196228027344,406.0081481933594,64.35929870605469
2022-05-05,153.60081481933594,1874.0,268.3016052246094,391.57757568359375,63.21413803100586
2022-05-06,154.32691955566406,1881.199951171875,265.76708984375,389.24017333984375,61.8204231262207
2022-05-09,149.20492553710938,1857.0999755859375,255.9481964111328,376.77783203125,61.67840576171875
2022-05-10,151.60894775390625,1839.9000244140625,260.7076721191406,377.6484375,63.915435791015625
2022-05-11,143.74935913085938,1852.5999755859375,252.0496826171875,371.6490173339844,65.61097717285156
2022-05-12,139.88330078125,1823.800048828125,247.0193634033203,371.2610778808594,65.44230651855469
2022-05-13,144.34783935546875,1807.4000244140625,252.60110473632812,380.1370544433594,65.88615417480469
2022-05-16,142.80734252929688,1813.5,252.96875,378.5947265625,68.10546112060547
2022-05-17,146.43792724609375,1818.199951171875,258.1151428222656,386.3825378417969,68.56705474853516
2022-05-18,138.17599487304688,1815.9000244140625,246.36326599121094,370.80682373046875,67.15559387207031
2022-05-19,134.7711639404297,1841.199951171875,245.45184326171875,368.5357360839844,66.44541931152344
2022-05-20,135.00660705566406,1841.800048828125,244.88941955566406,368.6966552734375,65.42455291748047
2022-05-23,140.42295837402344,1847.800048828125,252.73370361328125,375.59503173828125,64.31490325927734
2022-05-24,137.72459411621094,1865.0999755859375,251.73500061035156,372.72784423828125,63.223018646240234
2022-05-25,137.88162231445312,1846.199951171875,254.54684448242188,376.0207824707031,63.56922149658203
2022-05-26,141.0803985595703,1847.4000244140625,257.82427978515625,383.5341796875,64.41255187988281
2022-05-27,146.8303680419922,1851.300048828125,264.94140625,392.9496154785156,65.10496520996094
2022-05-30,146.8303680419922,1851.300048828125,264.94140625,392.9496154785156,63.57810974121094
2022-05-31,146.04537963867188,1842.699951171875,263.61297607421875,390.74481201171875,64.5989761352539
2022-06-01,145.91783142089844,1843.300048828125,264.1462707519531,387.5842590332031,65.33578491210938
2022-06-02,148.3708953857422,1866.5,266.2406311035156,394.9651794433594,63.29404067993164
2022-06-03,142.65037536621094,1845.4000244140625,261.81915283203125,388.4831848144531,63.19638442993164
2022-06-06,143.39608764648438,1839.199951171875,260.5877685546875,389.6660461425781,61.491973876953125
2022-06-07,145.91783142089844,1847.5,264.22381591796875,393.4038391113281,60.808441162109375
2022-06-08,145.18191528320312,1851.9000244140625,262.1972961425781,389.126708984375,61.56298828125
2022-06-09,139.96180725097656,1848.800048828125,256.74798583984375,379.8721008300781,60.897212982177734
2022-06-10,134.5552978515625,1871.5,245.3063507080078,368.85748291015625,60.0361213684082
2022-06-13,129.40386962890625,1828.0,234.90223693847656,354.8526611328125,60.02725601196289
2022-06-14,130.2672882080078,1809.5,237.06451416015625,353.7833251953125,59.157291412353516
2022-06-15,132.88717651367188,1815.300048828125,244.11373901367188,358.8270568847656,61.287803649902344
2022-06-16,127.61799621582031,1845.699951171875,237.52996826171875,346.9512939453125,60.968223571777344
2022-06-17,129.08984375,1835.5999755859375,240.12850952148438,347.6991882324219,61.10138702392578
2022-06-20,129.08984375,1835.5999755859375,240.12850952148438,347.6991882324219,60.41783905029297
2022-06-21,133.3189239501953,1834.5999755859375,246.03359985351562,356.4520263671875,60.932716369628906
2022-06-22,132.80870056152344,1834.300048828125,245.442138671875,355.8058166503906,58.93535614013672
2022-06-23,135.67384338378906,1825.699951171875,250.99807739257812,359.2936096191406,58.70455551147461
2022-06-24,139.00021362304688,1826.5,259.569580078125,370.71697998046875,59.12178039550781
2022-06-27,139.00021362304688,1820.9000244140625,256.84490966796875,369.3009033203125,60.30243682861328
2022-06-28,134.8594207763672,1817.5,248.6903839111328,361.75506591796875,61.838191986083984
2022-06-29,136.61582946777344,1813.699951171875,252.3555908203125,361.46044921875,61.838191986083984
2022-06-30,134.15296936035156,1804.0999755859375,249.02972412109375,358.5238342285156,61.545230865478516
2022-07-01,136.3214569091797,1798.9000244140625,251.6962127685547,362.3157653808594,62.34418869018555
2022-07-04,136.3214569091797,1798.9000244140625,251.6962127685547,362.3157653808594,61.95359420776367
2022-07-05,138.902099609375,1761.800048828125,254.8669891357422,362.9999084472656,61.838191986083984
2022-07-06,140.236572265625,1734.9000244140625,258.1248474121094,364.2259826660156,61.110252380371094
2022-07-07,143.60215759277344,1737.9000244140625,260.2484130859375,369.6810607910156,61.16352462768555
2022-07-08,144.2791748046875,1740.5999755859375,259.53082275390625,369.3769836425781,60.861698150634766
2022-07-11,142.14993286132812,1730.0,256.4764709472656,365.1573486328125,61.30555725097656
2022-07-12,143.121337890625,1723.300048828125,245.96572875976562,361.92608642578125,62.4595947265625
2022-07-13,142.75828552246094,1734.199951171875,245.04457092285156,360.02532958984375,64.74100494384766
2022-07-14,145.6823272705078,1704.5,246.36326599121094,359.15106201171875,63.29404067993164
2022-07-15,147.3504180908203,1702.4000244140625,248.92308044433594,366.0126953125,64.55459594726562
2022-07-18,144.30865478515625,1709.199951171875,246.52810668945312,362.9905090332031,63.640254974365234
2022-07-19,148.16482543945312,1710.0,251.64773559570312,372.7981872558594,62.9655876159668
2022-07-20,150.16653442382812,1699.5,254.30445861816406,375.1741638183594,63.28515625
2022-07-21,152.4331817626953,1712.699951171875,256.7964782714844,378.9946594238281,64.44806671142578
2022-07-22,151.19680786132812,1727.0999755859375,252.45252990722656,375.4783020019531,65.05171966552734
2022-07-25,150.0782012939453,1719.0,250.968994140625,375.9344177246094,63.79115295410156
2022-07-26,148.75357055664062,1717.699951171875,244.2494659423828,371.48675537109375,62.81467819213867
2022-07-27,153.8461151123047,1719.0999755859375,260.5780334472656,381.1329040527344,63.43606948852539
2022-07-28,154.39561462402344,1750.300048828125,268.0150451660156,385.9132385253906,65.33578491210938
2022-07-29,159.458740234375,1762.9000244140625,272.21356201171875,391.53936767578125,65.54883575439453
2022-08-01,158.47747802734375,1769.0,269.5665588378906,390.37994384765625,63.711265563964844
2022-08-02,157.00567626953125,1771.0999755859375,266.4733581542969,387.8044128417969,62.22877502441406
2022-08-03,163.01077270507812,1758.0,273.8909912109375,393.8773193359375,62.885677337646484
2022-08-04,162.69676208496094,1788.5,275.03521728515625,393.6111755371094,61.92695999145508
2022-08-05,162.47080993652344,1772.9000244140625,274.3176574707031,392.9459533691406,62.077877044677734
2022-08-08,161.9990997314453,1786.800048828125,271.80633544921875,392.48974609375,63.063232421875
2022-08-09,162.04824829101562,1794.0,273.7261657714844,390.93115234375,63.17863082885742
2022-08-10,166.29302978515625,1795.5999755859375,280.3778076171875,399.14227294921875,63.471580505371094
2022-08-11,165.5561065673828,1789.699951171875,278.3028259277344,399.14227294921875,63.675750732421875
2022-08-12,169.1032257080078,1798.5999755859375,283.0443420410156,405.89935302734375,63.72013854980469
2022-08-15,170.1742401123047,1781.4000244140625,284.55694580078125,407.5719299316406,63.53371810913086
2022-08-16,170.01705932617188,1773.199951171875,283.820068359375,408.37030029296875,63.87992477416992
2022-08-17,171.5105743408203,1760.300048828125,283.0718688964844,405.4716796875,64.63448333740234
2022-08-18,171.11752319335938,1755.300048828125,281.9543762207031,406.6501770019531,64.687744140625
2022-08-19,168.53334045410156,1747.5999755859375,278.0481872558594,401.185546875,63.40056228637695
2022-08-22,164.65211486816406,1734.0,269.88604736328125,392.8319091796875,62.219905853271484
2022-08-23,164.31802368164062,1746.800048828125,268.61309814453125,391.88153076171875,63.03660202026367
2022-08-24,164.61277770996094,1747.800048828125,267.9814758300781,393.135986328125,61.72278594970703
2022-08-25,167.06927490234375,1757.699951171875,270.95489501953125,398.6861267089844,61.8470573425293
2022-08-26,160.77088928222656,1736.0999755859375,260.49951171875,385.19091796875,60.97710037231445
2022-08-29,158.56988525390625,1736.5999755859375,257.72052001953125,382.64398193359375,60.84394073486328
2022-08-30,156.14288330078125,1723.199951171875,255.52447509765625,378.4433898925781,59.8408317565918
2022-08-31,154.48231506347656,1712.800048828125,254.06695556640625,375.5638122558594,58.44710922241211
2022-09-01,155.20944213867188,1696.5999755859375,253.02731323242188,376.7422790527344,61.873687744140625
2022-09-02,153.0968780517578,1709.800048828125,248.8101348876953,372.7696533203125,61.57187271118164
2022-09-05,153.0968780517578,1709.800048828125,248.8101348876953,372.7696533203125,62.56611251831055
2022-09-06,151.8391876220703,1700.4000244140625,246.07972717285156,371.3631896972656,62.6460075378418
2022-09-07,153.2443084716797,1715.300048828125,250.78265380859375,378.0346984863281,62.9655876159668
2022-09-08,151.77041625976562,1708.0,251.2004852294922,380.50567626953125,64.92743682861328
2022-09-09,154.62973022460938,1716.199951171875,256.97235107421875,386.4169921875,65.7086181640625
2022-09-12,160.58416748046875,1728.0999755859375,259.1003723144531,390.5700378417969,66.59632873535156
2022-09-13,151.1611785888672,1705.0,244.8553924560547,373.5870056152344,65.75300598144531
2022-09-14,152.6056365966797,1696.5,245.078857421875,375.01263427734375,64.85641479492188
2022-09-15,149.71678161621094,1665.4000244140625,238.43251037597656,370.7550048828125,64.94519805908203
2022-09-16,148.0758514404297,1671.699951171875,237.81068420410156,367.92645263671875,64.94519805908203
2022-09-19,151.79006958007812,1666.199951171875,237.59689331054688,370.77972412109375,65.13160705566406
2022-09-20,154.1679229736328,1659.699951171875,235.58547973632812,366.5237731933594,67.5550765991211
2022-09-21,151.04327392578125,1664.5999755859375,232.1845703125,360.1302185058594,67.6260757446289
2022-09-22,150.08033752441406,1670.800048828125,234.15711975097656,357.1051940917969,66.33889770507812
2022-09-23,147.810546875,1645.300048828125,231.18373107910156,351.12188720703125,65.08721160888672
2022-09-26,148.14463806152344,1623.300048828125,230.72705078125,347.64837646484375,64.35929870605469
2022-09-27,149.1173858642578,1626.699951171875,229.7165069580078,346.7608947753906,64.49246215820312
2022-09-28,147.23085021972656,1660.4000244140625,234.2445526123047,353.5838623046875,64.2705307006836
2022-09-29,139.9989776611328,1658.5,230.77565002441406,346.1979064941406,64.785400390625
2022-09-30,135.7935333251953,1662.4000244140625,226.3058624267578,340.8444519042969,62.78804397583008
2022-10-03,139.96954345703125,1692.9000244140625,233.92388916015625,349.8431091308594,63.42719650268555
2022-10-04,143.55599975585938,1721.0999755859375,241.83343505859375,360.68365478515625,63.73789596557617
2022-10-05,143.8507080078125,1711.4000244140625,242.14437866210938,359.8438720703125,64.4658203125
2022-10-06,142.8976287841797,1711.699951171875,239.80258178710938,356.1318664550781,65.0428237915039
2022-10-07,137.65061950683594,1700.5,227.60794067382812,346.1979064941406,63.915435791015625
2022-10-10,137.97488403320312,1667.300048828125,222.7592010498047,343.5545654296875,64.57234191894531
2022-10-11,136.55996704101562,1678.699951171875,219.02793884277344,341.3788757324219,65.2381362915039
2022-10-12,135.9311065673828,1670.300048828125,219.35830688476562,340.2528076171875,65.25588989257812
2022-10-13,140.50013732910156,1670.0,227.60794067382812,349.232421875,64.49246215820312
2022-10-14,135.9703826904297,1641.699951171875,222.0887451171875,341.27386474609375,63.56034851074219
2022-10-17,139.9302520751953,1657.0,230.80479431152344,350.04364013671875,63.063232421875
2022-10-18,141.2468719482422,1649.0,231.74732971191406,354.1564636230469,63.471580505371094
2022-10-19,141.35496520996094,1627.5,229.7845001220703,351.6467590332031,63.1875114440918
2022-10-20,140.89315795898438,1630.800048828125,229.46385192871094,348.69805908203125,64.86528778076172
2022-10-21,144.70558166503906,1651.0,235.2648162841797,357.1719665527344,66.3566665649414
2022-10-24,146.8476104736328,1648.699951171875,240.2495880126953,361.54248046875,66.409912109375
2022-10-25,149.68728637695312,1652.800048828125,243.5630340576172,367.3157958984375,67.00467681884766
2022-10-26,146.74935913085938,1664.0,224.7706298828125,364.54840087890625,68.12319946289062
2022-10-27,142.2786102294922,1660.699951171875,220.3300018310547,362.60174560546875,67.38640594482422
2022-10-28,153.02810668945312,1639.5999755859375,229.1917724609375,371.2282409667969,66.88040161132812
2022-10-31,150.66989135742188,1635.9000244140625,225.55764770507812,368.5467834472656,67.94566345214844
2022-11-01,148.02674865722656,1645.0,221.70977783203125,366.93408203125,69.8808822631836
2022-11-02,142.5045623779297,1645.699951171875,213.86825561523438,357.7254638671875,69.8808822631836
2022-11-03,136.46168518066406,1627.300048828125,208.18389892578125,354.0419006347656,68.86888122558594
2022-11-04,136.19595336914062,1672.5,215.12176513671875,359.1377868652344,68.15870666503906
2022-11-07,136.72743225097656,1676.5,221.4182891845703,362.5730895996094,67.35089111328125
2022-11-08,137.29827880859375,1712.0999755859375,222.38998413085938,364.5293273925781,67.06681823730469
2022-11-09,132.7413330078125,1710.0999755859375,218.1533966064453,357.0192565917969,65.60209655761719
2022-11-10,144.55197143554688,1750.300048828125,236.10049438476562,376.6389465332031,65.15824127197266
2022-11-11,147.33726501464844,1766.0,240.11351013183594,380.2842712402344,64.52796173095703
2022-11-14,145.93971252441406,1773.5999755859375,234.71096801757812,377.04931640625,64.02195739746094
2022-11-15,147.6719207763672,1773.800048828125,235.1190643310547,380.2651062011719,63.75564193725586
2022-11-16,146.44161987304688,1773.0,235.54782104492188,377.3642272949219,64.77651977539062
2022-11-17,148.34121704101562,1760.800048828125,235.4990692138672,376.2095947265625,65.3582992553711
2022-11-18,148.9021759033203,1751.9000244140625,235.0508575439453,377.91766357421875,64.7674331665039
2022-11-21,145.6739501953125,1737.4000244140625,235.85960388183594,376.5435791015625,64.7674331665039
2022-11-22,147.80972290039062,1738.300048828125,238.76341247558594,381.61065673828125,67.79444885253906
2022-11-23,148.6856689453125,1744.9000244140625,241.2482147216797,384.0154113769531,68.38532257080078
2022-11-24,148.6856689453125,1744.9000244140625,241.2482147216797,384.0154113769531,67.99443817138672
2022-11-25,145.77239990234375,1753.300048828125,241.1605224609375,383.9295349121094,67.55811309814453
2022-11-28,141.94378662109375,1740.0999755859375,235.57704162597656,377.8031311035156,68.35804748535156
2022-11-29,138.94192504882812,1748.4000244140625,234.18360900878906,377.154296875,65.90369415283203
2022-11-30,145.69366455078125,1746.0,248.61485290527344,389.03485107421875,69.31251525878906
2022-12-01,145.96925354003906,1801.0999755859375,248.17637634277344,388.7485656738281,66.64908599853516
2022-12-02,145.4771270751953,1795.9000244140625,248.49790954589844,388.300048828125,68.16715240478516
2022-12-05,144.31570434570312,1767.4000244140625,243.80120849609375,381.3149108886719,66.14913940429688
2022-12-06,140.6544647216797,1769.300048828125,238.85108947753906,375.8182678222656,66.61273956298828
2022-12-07,138.7155303955078,1785.5,238.1202850341797,375.1789245605469,65.90369415283203
2022-12-08,140.39852905273438,1788.699951171875,241.07278442382812,378.1180725097656,65.9946060180664
2022-12-09,139.9163055419922,1798.0999755859375,239.14346313476562,375.29345703125,64.17656707763672
2022-12-12,142.2095489501953,1780.5,246.05213928222656,380.7041320800781,64.17656707763672
2022-12-13,143.17405700683594,1813.9000244140625,250.34934997558594,383.5860595703125,62.60397720336914
2022-12-14,140.94973754882812,1807.5,250.64166259765625,381.133544921875,62.83122253417969
2022-12-15,134.34559631347656,1777.199951171875,242.6416473388672,371.8103942871094,62.440345764160156
2022-12-16,132.3870086669922,1790.0,238.43212890625,367.4206848144531,64.17656707763672
2022-12-19,130.28079223632812,1787.699951171875,234.30055236816406,364.30517578125,64.62197875976562
2022-12-20,130.2119140625,1815.9000244140625,235.61602783203125,364.8035888671875,65.44009399414062
2022-12-21,133.31216430664062,1815.9000244140625,238.17877197265625,370.25830078125,65.81279754638672
2022-12-22,130.14300537109375,1787.0,232.09835815429688,364.9761657714844,66.04005432128906
2022-12-23,129.77886962890625,1795.9000244140625,232.62451171875,367.0756530761719,65.43101501464844
2022-12-26,129.77886962890625,1795.9000244140625,232.62451171875,367.0756530761719,64.63107299804688
2022-12-27,127.97775268554688,1814.800048828125,230.89981079101562,365.6280212402344,64.56744384765625
2022-12-28,124.05070495605469,1807.9000244140625,228.53195190429688,361.0841064453125,63.63115692138672
2022-12-29,127.56436920166016,1819.5,234.84620666503906,367.583740234375,63.51298904418945
2022-12-30,127.87930297851562,1819.699951171875,233.6866455078125,366.615478515625,62.61306381225586
2023-01-02,127.87930297851562,1819.699951171875,233.6866455078125,366.615478515625,62.858497619628906
2023-01-03,123.09601593017578,1839.699951171875,233.4528045654297,365.072021484375,62.949398040771484
2023-01-04,124.36566925048828,1852.800048828125,223.24082946777344,367.8905334472656,64.07658386230469
2023-01-05,123.04682922363281,1834.800048828125,216.6244659423828,363.6916198730469,64.00385284423828
2023-01-06,127.5741958618164,1864.199951171875,219.1774444580078,372.0318298339844,65.8582534790039
2023-01-09,128.09580993652344,1872.699951171875,221.31143188476562,371.8209228515625,65.78553009033203
2023-01-10,128.6667022705078,1871.5999755859375,222.99722290039062,374.4283447265625,65.84007263183594
2023-01-11,131.38314819335938,1874.5999755859375,229.740234375,379.1641845703125,66.10367584228516
2023-01-12,131.30441284179688,1895.5,232.41014099121094,380.5445861816406,66.35820770263672
2023-01-13,132.63308715820312,1918.4000244140625,233.11175537109375,382.02093505859375,66.63091278076172
2023-01-16,132.63308715820312,1918.4000244140625,233.11175537109375,382.02093505859375,65.36738586425781
2023-01-17,133.79446411132812,1907.199951171875,234.20309448242188,381.32110595703125,65.2401123046875
2023-01-18,133.0759735107422,1904.4000244140625,229.77920532226562,375.3007507324219,65.23103332519531
2023-01-19,133.13504028320312,1922.0999755859375,225.99842834472656,372.56866455078125,66.1764144897461
2023-01-20,135.6940155029297,1926.4000244140625,234.07643127441406,379.5093078613281,67.18541717529297
2023-01-23,138.88284301757812,1927.0999755859375,236.37606811523438,384.0628662109375,67.75809478759766
2023-01-24,140.28045654296875,1933.9000244140625,235.8498992919922,383.650634765625,68.44895935058594
2023-01-25,139.62103271484375,1941.199951171875,234.45645141601562,383.7944030761719,69.22161865234375
2023-01-26,141.6878662109375,1929.0999755859375,241.65745544433594,388.012451171875,69.03072357177734
2023-01-27,143.62681579589844,1928.5999755859375,241.81336975097656,388.90399169921875,68.53984832763672
2023-01-30,140.7430419921875,1922.9000244140625,236.5027618408203,384.0244445800781,68.70347595214844
2023-01-31,142.01266479492188,1929.5,241.47232055664062,389.67095947265625,66.85816955566406
2023-02-01,143.13467407226562,1927.800048828125,246.28599548339844,393.81231689453125,68.06715393066406
2023-02-02,148.43963623046875,1916.300048828125,257.8328857421875,399.54498291015625,66.26731872558594
2023-02-03,152.0615234375,1862.9000244140625,251.74276733398438,395.29815673828125,66.21275329589844
2023-02-06,149.3352508544922,1866.199951171875,250.20315551757812,392.8824157714844,66.21275329589844
2023-02-07,152.20912170410156,1871.699951171875,260.7172546386719,398.0207214355469,65.8037109375
2023-02-08,149.5222625732422,1877.4000244140625,259.908447265625,393.6684875488281,65.44009399414062
2023-02-09,148.48883056640625,1866.199951171875,256.8780517578125,390.2557067871094,64.72198486328125
2023-02-10,148.8535614013672,1862.800048828125,256.371337890625,391.16644287109375,64.65834045410156
2023-02-13,151.65298461914062,1851.9000244140625,264.3810729980469,395.75830078125,64.90377807617188
2023-02-14,151.01226806640625,1854.0,265.20928955078125,395.57623291015625,64.27656555175781
2023-02-15,153.1118621826172,1834.199951171875,263.08953857421875,396.86077880859375,64.94013977050781
2023-02-16,151.51499938964844,1842.0,256.0853576660156,391.39654541015625,64.75833892822266
2023-02-17,150.3715362548828,1840.4000244140625,252.09002685546875,390.418701171875,64.27656555175781
2023-02-20,150.3715362548828,1840.4000244140625,252.09002685546875,390.418701171875,63.99477005004883
2023-02-21,146.3596649169922,1833.0,246.82469177246094,382.5865478515625,63.72206115722656
2023-02-22,146.7835235595703,1832.0,245.69154357910156,382.059326171875,65.58554077148438
2023-02-23,147.26651000976562,1818.0,248.8760986328125,384.0916442871094,64.40382385253906
2023-02-24,144.61495971679688,1808.800048828125,243.4545135498047,379.98858642578125,64.44927978515625
2023-02-27,145.80764770507812,1817.0,244.37277221679688,381.28277587890625,65.34919738769531
2023-02-28,145.304931640625,1828.9000244140625,243.64990234375,379.8735656738281,65.54010009765625
2023-03-01,143.23492431640625,1837.699951171875,240.57278442382812,378.41644287109375,64.65834045410156
2023-03-02,143.82635498046875,1833.5,245.30076599121094,381.35943603515625,64.7674331665039
2023-03-03,148.87326049804688,1847.699951171875,249.38406372070312,387.4756774902344,65.8037109375
2023-03-06,151.63328552246094,1847.9000244140625,250.9275665283203,387.7440490722656,66.37638854980469
2023-03-07,149.4351348876953,1813.9000244140625,248.2704620361328,381.80047607421875,65.91279602050781
2023-03-08,150.68701171875,1812.699951171875,247.83087158203125,382.4235534667969,65.90369415283203
2023-03-09,148.4395294189453,1829.300048828125,246.48281860351562,375.3679504394531,65.48554229736328
2023-03-10,146.37939453125,1862.0,242.83908081054688,369.9515686035156,66.58546447753906
2023-03-13,148.3212432861328,1911.699951171875,248.04579162597656,369.42425537109375,67.28540802001953
2023-03-14,150.41098022460938,1906.199951171875,254.75685119628906,375.53094482421875,66.98542785644531
2023-03-15,150.80526733398438,1926.5999755859375,259.2992858886719,373.1822509765625,67.47630310058594
2023-03-16,153.62442016601562,1919.0,269.8103942871094,379.7297058105469,66.83089447021484
2023-03-17,152.78656005859375,1969.800048828125,272.96563720703125,375.2896728515625,64.72198486328125
2023-03-20,155.1522979736328,1979.199951171875,265.93218994140625,378.8983459472656,64.72198486328125
2023-03-21,157.00543212890625,1938.0,267.4463195800781,383.87347412109375,65.75825500488281
2023-03-22,155.57614135742188,1946.800048828125,265.9908447265625,377.329833984375,65.93096923828125
2023-03-23,156.66043090820312,1993.800048828125,271.2366027832031,378.349853515625,65.88552856445312
2023-03-24,157.96160888671875,1982.0999755859375,274.0792541503906,380.83251953125,66.35820770263672
2023-03-27,156.0197296142578,1952.4000244140625,269.9861145019531,381.5447082519531,66.6581802368164
2023-03-28,155.39869689941406,1972.4000244140625,268.86279296875,380.688232421875,67.17631530761719
2023-03-29,158.47418212890625,1966.0999755859375,274.0206604003906,386.2215270996094,66.54910278320312
2023-03-30,160.04144287109375,1980.300048828125,277.4787292480469,388.4828796386719,66.72181701660156
2023-03-31,162.545166015625,1969.0,281.6304016113281,393.95843505859375,65.44920349121094
2023-04-03,163.79705810546875,1983.9000244140625,280.585205078125,395.45965576171875,65.72189331054688
2023-04-04,163.2647705078125,2022.199951171875,280.5363464355469,393.2655944824219,65.05831146240234
2023-04-05,161.4214630126953,2020.9000244140625,277.76202392578125,392.23590087890625,64.76405334472656
2023-04-06,162.30862426757812,2011.9000244140625,284.8540954589844,393.7659606933594,64.76405334472656
2023-04-10,159.71615600585938,1989.0999755859375,282.6953125,394.1701354980469,64.94795989990234
2023-04-11,158.50372314453125,2004.800048828125,276.2869567871094,394.2759704589844,65.48130798339844
2023-04-12,157.813720703125,2010.9000244140625,276.9316711425781,392.6689453125,65.48130798339844
2023-04-13,163.19578552246094,2041.300048828125,283.1348571777344,397.8846435546875,64.96636199951172
2023-04-14,162.85076904296875,2002.199951171875,279.5203857421875,396.91265869140625,64.95716094970703
2023-04-17,162.8704833984375,1994.199951171875,282.11883544921875,398.3369445800781,64.66291046142578
2023-04-18,164.09275817871094,2007.4000244140625,281.69879150390625,398.59674072265625,64.52496337890625
2023-04-19,165.23623657226562,1995.199951171875,281.7770080566406,398.5293884277344,64.36865234375
2023-04-20,164.2701873779297,2007.5999755859375,279.4910583496094,396.3545227050781,64.8652114868164
2023-04-21,162.66348266601562,1979.5,279.1492004394531,396.6625671386719,65.41694641113281
2023-04-24,162.9690399169922,1989.0999755859375,275.2514953613281,397.0763244628906,66.03302764892578
2023-04-25,161.4313201904297,1994.0,269.0484313964844,390.7731628417969,66.75949096679688
2023-04-26,161.4214630126953,1985.699951171875,288.536865234375,389.1180419921875,66.2721176147461
2023-04-27,166.00506591796875,1989.9000244140625,297.77801513671875,396.8645935058594,66.13419342041016
2023-04-28,167.2569122314453,1990.0999755859375,300.15185546875,400.25189208984375,66.63994598388672
2023-05-01,167.16819763183594,1983.4000244140625,298.4910888671875,399.8477478027344,66.63994598388672
2023-05-02,166.13320922851562,2014.300048828125,298.3446044921875,395.353759765625,66.43765258789062
2023-05-03,165.05877685546875,2028.5999755859375,297.35797119140625,392.6401062011719,66.125
2023-05-04,163.42245483398438,2048.0,298.3446044921875,389.85894775390625,66.02384185791016
2023-05-05,171.09136962890625,2017.4000244140625,303.4634094238281,397.0763244628906,66.62155151367188
2023-05-08,171.02236938476562,2026.300048828125,301.50970458984375,397.18212890625,66.81465911865234
2023-05-09,169.3170928955078,2036.199951171875,299.8978271484375,395.4403381347656,67.66064453125
2023-05-10,171.08152770996094,2030.5,305.0849304199219,397.2879638671875,68.85606384277344
2023-05-11,171.268798828125,2014.699951171875,302.9359130859375,396.59515380859375,68.20318603515625
2023-05-12,170.3409423828125,2014.5,301.8222351074219,396.075439453125,68.1112289428711
2023-05-15,169.84742736816406,2018.0,302.3008728027344,397.4419860839844,66.80546569824219
2023-05-16,169.84742736816406,1988.4000244140625,304.52813720703125,394.7860107421875,66.92501068115234
2023-05-17,170.4593963623047,1980.699951171875,307.40643310546875,399.57830810546875,66.4652328491211
2023-05-18,172.78892517089844,1956.5,311.83148193359375,403.42755126953125,66.21695709228516
2023-05-19,172.8975067138672,1978.699951171875,311.6553039550781,402.8404846191406,66.36407470703125
2023-05-22,171.9499053955078,1974.800048828125,314.4356384277344,403.004150390625,64.7548599243164
2023-05-23,169.343994140625,1972.4000244140625,308.6399841308594,398.48126220703125,65.55487060546875
2023-05-24,169.62037658691406,1962.800048828125,307.2596130371094,395.5943298339844,64.8376235961914
2023-05-25,170.7555389404297,1943.0999755859375,319.076171875,399.0201721191406,64.36865234375
2023-05-26,173.16400146484375,1944.0999755859375,325.8997497558594,404.187744140625,63.164039611816406
2023-05-29,173.16400146484375,1944.0999755859375,325.8997497558594,404.187744140625,63.30196762084961
2023-05-30,175.00985717773438,1958.0,324.2550964355469,404.3416748046875,62.78702926635742
2023-05-31,174.9605255126953,1963.9000244140625,321.49432373046875,402.0995178222656,61.87666320800781
2023-06-01,177.76380920410156,1978.0,325.5962219238281,405.9198913574219,61.29735565185547
2023-06-02,178.6127166748047,1952.4000244140625,328.3570251464844,411.78997802734375,61.82149887084961
2023-06-05,177.26039123535156,1958.0,328.88568115234375,411.0008544921875,63.651405334472656
2023-06-06,176.8951873779297,1965.5,326.6732177734375,411.89581298828125,63.91807556152344
2023-06-07,175.5231475830078,1942.699951171875,316.5895080566406,410.4715881347656,63.92726135253906
2023-06-08,178.2376251220703,1963.5999755859375,318.4300231933594,412.9543762207031,62.731849670410156
2023-06-09,178.6226043701172,1962.199951171875,319.9278869628906,413.6953430175781,62.005401611328125
2023-06-12,181.416015625,1955.300048828125,324.881591796875,417.4482727050781,61.600799560546875
2023-06-13,180.94219970703125,1944.5999755859375,327.2703552246094,420.2005615234375,61.35251998901367
2023-06-14,181.5739288330078,1955.300048828125,330.25634765625,420.700927734375,62.9709358215332
2023-06-15,183.60736083984375,1957.800048828125,340.7904052734375,425.9166259765625,64.35945129394531
2023-06-16,182.5314178466797,1958.4000244140625,335.1415710449219,424.4659118652344,62.695064544677734
2023-06-19,182.5314178466797,1958.4000244140625,335.1415710449219,424.4659118652344,63.5042724609375
2023-06-20,182.62025451660156,1935.5,330.9513854980469,422.2636413574219,62.1341438293457
2023-06-21,181.58383178710938,1933.300048828125,326.5556640625,420.1001281738281,63.081275939941406
2023-06-22,184.58456420898438,1912.699951171875,332.5765686035156,421.6164855957031,62.29045867919922
2023-06-23,184.2686767578125,1919.0999755859375,327.9849853515625,418.4290771484375,62.19850540161133
2023-06-26,182.87689208984375,1923.699951171875,321.69989013671875,416.719482421875,62.869789123535156
2023-06-27,185.63087463378906,1914.0,327.54449462890625,421.28814697265625,64.17554473876953
2023-06-28,186.80548095703125,1912.300048828125,328.7976379394531,421.5006103515625,62.989322662353516
2023-06-29,187.14109802246094,1909.199951171875,328.0143737792969,423.16192626953125,62.649085998535156
2023-06-30,191.4645233154297,1921.0999755859375,333.38916015625,428.1554870605469,62.42839813232422
2023-07-03,189.9740447998047,1921.699951171875,330.8926696777344,428.6481628417969,63.27438735961914
2023-07-04,189.9740447998047,1921.699951171875,330.8926696777344,428.6481628417969,63.40312194824219
2023-07-05,188.85861206054688,1919.5999755859375,331.04931640625,428.01068115234375,63.03530502319336
2023-07-06,189.3324432373047,1908.699951171875,334.103759765625,424.6590576171875,62.75943374633789
2023-07-07,188.21702575683594,1926.199951171875,330.1388854980469,423.5868835449219,63.32956314086914
2023-07-10,186.1737518310547,1925.0,324.8620300292969,424.6590576171875,63.412315368652344
2023-07-11,185.65060424804688,1931.300048828125,325.4885559082031,427.363525390625,63.908878326416016
2023-07-12,187.3188018798828,1956.199951171875,330.1192932128906,430.8020324707031,63.03530502319336
2023-07-13,188.07884216308594,1959.199951171875,335.46466064453125,434.2212829589844,62.71345520019531
2023-07-14,188.2268829345703,1960.0999755859375,337.990478515625,433.95086669921875,62.299652099609375
2023-07-17,191.4842529296875,1952.4000244140625,338.4701843261719,435.45751953125,62.437591552734375
2023-07-18,191.2276153564453,1977.199951171875,351.9411926269531,438.6932678222656,63.210018157958984
2023-07-19,192.5799560546875,1977.5,347.6238098144531,439.6688232421875,62.924949645996094
2023-07-20,190.63536071777344,1968.300048828125,339.5862121582031,436.7518310546875,62.722652435302734
2023-07-21,189.46075439453125,1964.300048828125,336.55126953125,436.7518310546875,63.182430267333984
2023-07-24,190.26028442382812,1960.300048828125,337.8631286621094,438.7029113769531,62.7778205871582
2023-07-25,191.11903381347656,1962.0999755859375,343.60992431640625,439.9006042480469,63.11806869506836
2023-07-26,191.98768615722656,1968.9000244140625,330.6772766113281,439.96820068359375,63.936458587646484
2023-07-27,190.72422790527344,1945.4000244140625,323.7752990722656,437.0513000488281,64.24911499023438
2023-07-28,193.30050659179688,1960.4000244140625,331.26470947265625,441.33013916015625,64.451416015625
2023-07-31,193.91250610351562,1970.5,328.8660583496094,442.17047119140625,64.13876342773438
2023-08-01,193.0833282470703,1940.699951171875,329.2773132324219,440.9051818847656,64.80084228515625
2023-08-02,190.09246826171875,1937.4000244140625,320.6228942871094,434.7717590332031,63.63300704956055
2023-08-03,188.70069885253906,1932.0,319.800537109375,433.5258483886719,61.98701095581055
2023-08-04,179.6392822265625,1939.5999755859375,320.89703369140625,431.56512451171875,63.51346969604492
2023-08-07,176.5398406982422,1933.5,323.17816162109375,435.3320007324219,62.805423736572266
2023-08-08,177.47756958007812,1924.0999755859375,319.2033996582031,433.43890380859375,62.35483169555664
2023-08-09,175.8883819580078,1915.4000244140625,315.4636535644531,430.54119873046875,62.75943374633789
2023-08-10,175.67120361328125,1914.4000244140625,316.1488952636719,430.69580078125,62.94334411621094
2023-08-11,175.73049926757812,1912.9000244140625,314.26922607421875,430.44464111328125,62.46517562866211
2023-08-14,177.38116455078125,1910.5999755859375,317.235595703125,432.82073974609375,63.29277801513672
2023-08-15,175.39443969726562,1902.5,315.1013488769531,427.77886962890625,64.12037658691406
2023-08-16,174.52462768554688,1896.0999755859375,314.336181640625,424.6397705078125,63.6146240234375
2023-08-17,171.98439025878906,1884.0999755859375,310.8828125,421.4040222167969,61.76631546020508
2023-08-18,172.46871948242188,1886.0999755859375,310.4903564453125,421.6068115234375,61.922637939453125
2023-08-21,173.8031005859375,1893.300048828125,315.7882080078125,424.3500061035156,62.67667770385742
2023-08-22,175.1769561767578,1896.4000244140625,316.3571472167969,423.2005310058594,62.649085998535156
2023-08-23,179.02191162109375,1918.5,320.81121826171875,427.9140625,63.062889099121094
2023-08-24,174.3368377685547,1918.199951171875,313.914306640625,421.9836120605469,62.327247619628906
2023-08-25,176.54100036621094,1911.0999755859375,316.8672790527344,424.9584655761719,62.437591552734375
2023-08-28,178.1027069091797,1917.9000244140625,317.5736999511719,427.6532897949219,62.980125427246094
2023-08-29,181.98716735839844,1936.5,322.1945495605469,433.8348693847656,63.60541915893555
2023-08-30,185.47630310058594,1944.300048828125,322.5674133300781,435.62176513671875,63.34794616699219
2023-08-31,185.6937255859375,1938.199951171875,321.5568542480469,434.98431396484375,61.81230163574219
2023-09-01,187.26531982421875,1939.800048828125,322.4398498535156,435.7956237792969,61.7755126953125
2023-09-04,187.26531982421875,1939.800048828125,322.4398498535156,435.7956237792969,61.86746597290039
2023-09-05,187.5025634765625,1926.199951171875,327.23724365234375,433.9122009277344,62.143341064453125
2023-09-06,180.79119873046875,1918.0999755859375,326.5799865722656,430.9952087402344,61.89505386352539
2023-09-07,175.50315856933594,1917.5,323.66619873046875,429.6719665527344,61.545623779296875
2023-09-08,176.115966796875,1918.4000244140625,327.943603515625,430.319091796875,61.508846282958984
2023-09-11,177.2823028564453,1923.300048828125,331.5441589355469,433.149169921875,61.17780685424805
2023-09-12,174.25778198242188,1911.300048828125,325.490966796875,430.77301025390625,60.50653839111328
2023-09-13,172.1919708251953,1909.0999755859375,329.6997985839844,431.27532958984375,59.632957458496094
2023-09-14,173.7042694091797,1910.0,332.28985595703125,434.99395751953125,58.952491760253906
2023-09-15,172.9827117919922,1923.699951171875,323.9703063964844,429.7530212402344,58.336387634277344
2023-09-18,175.90841674804688,1931.5,322.8322448730469,430.0050048828125,59.697322845458984
2023-09-19,176.99566650390625,1932.0,322.42999267578125,429.1133117675781,60.451358795166016
2023-09-20,173.45713806152344,1945.5999755859375,314.6991271972656,425.1683349609375,60.469749450683594
2023-09-21,171.91519165039062,1919.199951171875,313.48260498046875,418.1409606933594,61.24217224121094
2023-09-22,172.76522827148438,1925.4000244140625,311.01025390625,417.20074462890625,61.47206115722656
2023-09-25,174.04031372070312,1916.5999755859375,311.5303039550781,418.9551696777344,61.141021728515625
2023-09-26,169.96804809570312,1900.4000244140625,306.23248291015625,412.8001403808594,60.70882797241211
2023-09-27,168.4557647705078,1871.5999755859375,306.8701477050781,412.9649353027344,60.699642181396484
2023-09-28,168.71275329589844,1860.4000244140625,307.7041015625,415.3590393066406,60.79159164428711
2023-09-29,169.22671508789062,1848.0999755859375,309.774169921875,414.35107421875,60.48814010620117
2023-10-02,171.73728942871094,1830.0,315.70965576171875,414.186279296875,60.534122467041016
2023-10-03,170.40292358398438,1824.5999755859375,307.4588623046875,408.6419372558594,59.67893981933594
2023-10-04,171.6483612060547,1818.5,312.9234313964844,411.6177062988281,60.30423355102539
2023-10-05,172.8838653564453,1816.5999755859375,313.3158264160156,411.4625549316406,59.78927993774414
2023-10-06,175.43399047851562,1830.199951171875,321.0663146972656,416.3477783203125,58.667423248291016
2023-10-09,176.91661071777344,1849.5,323.577880859375,419.0133361816406,55.74325180053711
2023-10-10,176.32354736328125,1861.0,322.1749572753906,421.1942443847656,57.52718734741211
2023-10-11,177.7172393798828,1872.800048828125,326.1286926269531,422.91949462890625,56.791542053222656
2023-10-12,178.61671447753906,1869.300048828125,324.89251708984375,420.34124755859375,56.45130920410156
2023-10-13,176.7782440185547,1927.4000244140625,321.5274353027344,418.2475891113281,55.1087646484375
2023-10-16,176.64971923828125,1921.0999755859375,326.3445129394531,422.6481628417969,55.973140716552734
2023-10-17,175.09791564941406,1922.699951171875,325.7754821777344,422.62872314453125,55.23749923706055
2023-10-18,173.8031005859375,1955.300048828125,323.8623962402344,416.9971618652344,55.458194732666016
2023-10-19,173.42752075195312,1968.4000244140625,325.04949951171875,413.333251953125,55.403018951416016
2023-10-20,170.87738037109375,1982.5,320.48748779296875,408.2541809082031,54.78691864013672
2023-10-23,170.99600219726562,1976.300048828125,323.0873107910156,407.546630859375,55.44899368286133
2023-10-24,171.43089294433594,1975.0,324.2744140625,410.6192932128906,55.18232345581055
2023-10-25,169.11801147460938,1984.0999755859375,334.2225341796875,404.7259826660156,55.605323791503906
2023-10-26,164.95677185058594,1987.199951171875,321.6844177246094,399.8795471191406,58.86973190307617
2023-10-27,166.27137756347656,1988.5999755859375,323.5680847167969,398.0669860839844,61.23297119140625
2023-10-30,168.3173828125,1996.199951171875,330.9261779785156,402.82623291015625,59.60537338256836
2023-10-31,168.7918243408203,1985.199951171875,331.7109680175781,405.3560485839844,59.40306854248047
2023-11-01,171.95474243164062,1978.800048828125,339.5203857421875,409.6791076660156,59.97319030761719
2023-11-02,175.5130615234375,1985.5999755859375,341.727783203125,417.53033447265625,59.97319030761719
2023-11-03,174.6036834716797,1991.5,346.12298583984375,421.339599609375,61.44447326660156
2023-11-06,177.15382385253906,1981.5999755859375,349.7823486328125,422.3088684082031,61.56401062011719
2023-11-07,179.71383666992188,1966.800048828125,353.7066345214844,423.51080322265625,60.68124008178711
2023-11-08,180.7714385986328,1951.5,356.3261413574219,423.8209533691406,60.331817626953125
2023-11-09,180.2969970703125,1964.199951171875,353.8636169433594,420.5157470703125,59.44904708862305
2023-11-10,184.48348999023438,1932.5999755859375,362.67364501953125,427.0777587890625,61.72953414916992
2023-11-13,182.8999481201172,1945.5,359.7403259277344,426.6706848144531,60.89274215698242
2023-11-14,185.51278686523438,1961.800048828125,363.26226806640625,434.9484558105469,63.98243713378906
2023-11-15,186.07693481445312,1960.0999755859375,363.4097900390625,435.86920166015625,63.23759841918945
2023-11-16,187.7594757080078,1983.9000244140625,369.79974365234375,436.40234375,62.49276351928711
2023-11-17,187.73968505859375,1981.5999755859375,363.58673095703125,436.94512939453125,62.805423736572266
2023-11-20,189.48155212402344,1977.699951171875,371.0481872558594,440.3086242675781,62.805423736572266
2023-11-21,188.67990112304688,1999.300048828125,366.7522277832031,439.3489074707031,62.54793930053711
2023-11-22,189.343017578125,1991.4000244140625,371.4512634277344,441.0451354980469,64.17554473876953
2023-11-23,189.343017578125,1991.4000244140625,371.4512634277344,441.0451354980469,64.13876342773438
2023-11-24,188.01681518554688,2002.199951171875,371.0384216308594,441.3166198730469,64.01921844482422
2023-11-27,187.83863830566406,2011.800048828125,372.1983642578125,440.5218200683594,62.16873550415039
2023-11-28,188.4423828125,2039.699951171875,376.2191162109375,440.95794677734375,62.76688003540039
2023-11-29,187.4229736328125,2047.0999755859375,372.434326171875,440.6477966308594,62.71080017089844
2023-11-30,187.9969940185547,2038.0999755859375,372.4932861328125,442.3828430175781,63.907066345214844
2023-12-01,189.2737274169922,2071.0,368.16778564453125,444.9999084472656,62.925758361816406
2023-12-04,187.48233032226562,2024.0999755859375,362.8887939453125,442.6639099121094,61.7949104309082
2023-12-05,191.43130493164062,2018.5,366.2115173339844,442.5766906738281,62.48650360107422
2023-12-06,190.34263610839844,2030.5,362.55450439453125,440.793212890625,62.000511169433594
2023-12-07,192.27256774902344,2029.9000244140625,364.66815185546875,444.1566467285156,61.589298248291016
2023-12-08,193.69776916503906,1998.300048828125,367.8926086425781,446.06610107421875,61.78556442260742
2023-12-11,191.1937713623047,1978.0,365.0121765136719,447.8011169433594,61.738826751708984
2023-12-12,192.7080535888672,1977.800048828125,368.0400390625,449.84637451171875,61.738826751708984
2023-12-13,195.9246368408203,1982.300048828125,368.03021240234375,456.0497131347656,63.44913101196289
2023-12-14,196.07310485839844,2030.199951171875,359.73309326171875,457.513427734375,65.28092193603516
2023-12-15,195.5386505126953,2021.0999755859375,364.4518127441406,456.7601318359375,64.30894470214844
2023-12-18,193.87591552734375,2026.300048828125,366.33929443359375,459.32940673828125,65.7108154296875
2023-12-19,194.91513061523438,2038.4000244140625,366.9389953613281,462.1225891113281,66.62672424316406
2023-12-20,192.8268280029297,2034.5,364.3436584472656,455.71875,65.92578125
2023-12-21,192.6783447265625,2039.0999755859375,367.2142333984375,460.03985595703125,65.86036682128906
2023-12-22,191.60946655273438,2057.10009765625,368.2366027832031,460.9644470214844,66.07530975341797
2023-12-26,191.0651397705078,2058.199951171875,368.3152770996094,462.9109191894531,66.44915008544922
2023-12-27,191.16407775878906,2081.89990234375,367.73529052734375,463.7478332519531,67.3743896484375
2023-12-28,191.5896759033203,2073.89990234375,368.9247741699219,463.9230041503906,66.81363677978516
2023-12-29,190.55047607421875,2062.39990234375,369.67193603515625,462.5799560546875,66.72017669677734
2024-01-02,183.73129272460938,2064.39990234375,364.5894775390625,459.9912414550781,67.15943908691406
2024-01-03,182.35557556152344,2034.199951171875,364.32403564453125,456.2345886230469,65.23418426513672
2024-01-04,180.0396728515625,2042.300048828125,361.70904541015625,454.7650451660156,65.47718048095703
2024-01-05,179.31715393066406,2042.4000244140625,361.5223083496094,455.3879089355469,64.99119567871094
2024-01-08,183.65211486816406,2026.5999755859375,368.34478759765625,461.8890380859375,65.5239028930664
2024-01-09,183.23646545410156,2026.4000244140625,369.4261474609375,461.1882629394531,63.308929443359375
2024-01-10,184.27566528320312,2021.699951171875,376.2879333496094,463.7965087890625,64.9631576538086
2024-01-11,183.6818084716797,2014.300048828125,378.11651611328125,463.5921325683594,65.34634399414062
2024-01-12,184.00845336914062,2046.699951171875,381.89141845703125,463.91326904296875,66.33699798583984
2024-01-15,184.00845336914062,2046.699951171875,381.89141845703125,463.91326904296875,65.95381927490234
2024-01-16,181.7419891357422,2026.0,383.6609191894531,462.21014404296875,65.61736297607422
2024-01-17,180.80172729492188,2002.5999755859375,382.87445068359375,459.640869140625,64.23418426513672
2024-01-18,186.6905975341797,2018.5999755859375,387.20001220703125,463.7283630371094,63.76689147949219
2024-01-19,189.59042358398438,2026.5,391.918701171875,469.5093078613281,63.88838195800781
2024-01-22,191.89645385742188,2019.800048828125,389.7953186035156,470.5019836425781,61.589298248291016
2024-01-23,193.17320251464844,2023.699951171875,392.1447448730469,471.8741760253906,62.96314239501953
2024-01-24,192.50021362304688,2013.9000244140625,395.74285888671875,472.3899841308594,62.24350357055664
2024-01-25,192.17359924316406,2016.9000244140625,398.0137023925781,474.95928955078125,64.74819946289062
2024-01-26,190.44158935546875,2016.800048828125,397.0896301269531,474.3559265136719,66.07530975341797
2024-01-29,189.7586669921875,2025.199951171875,402.78155517578125,478.11248779296875,65.74820709228516
2024-01-30,186.1066131591797,2031.5,401.670654296875,477.7427062988281,67.21551513671875
2024-01-31,182.50405883789062,2048.39990234375,390.84710693359375,469.947265625,66.43980407714844
2024-02-01,184.93878173828125,2053.0,396.942138671875,476.09796142578125,67.03794860839844
2024-02-02,183.9391632080078,2036.0999755859375,404.2561340332031,481.1100769042969,66.92578125
2024-02-05,185.75033569335938,2025.699951171875,398.78045654296875,479.3582458496094,66.92578125
2024-02-06,187.35369873046875,2034.5,398.6231994628906,480.74993896484375,68.22486877441406
2024-02-07,187.46253967285156,2035.199951171875,407.0382080078125,484.7596130371094,66.99121856689453
2024-02-08,186.38375854492188,2032.199951171875,407.09722900390625,484.9737548828125,66.75756072998047
2024-02-09,187.1468048095703,2023.300048828125,413.4281005859375,487.77655029296875,67.3370132446289
2024-02-12,185.46214294433594,2018.199951171875,408.22772216796875,487.5624694824219,66.49588775634766
2024-02-13,183.37115478515625,1992.9000244140625,399.4390869140625,480.8472900390625,66.00055694580078
2024-02-14,182.48919677734375,1990.300048828125,403.29986572265625,485.2170104980469,66.21549987792969
2024-02-15,182.20179748535156,2002.0999755859375,400.41412353515625,488.56488037109375,64.20613861083984
2024-02-16,180.665771484375,2011.5,397.95196533203125,486.13189697265625,63.55192947387695
2024-02-19,180.665771484375,2011.5,397.95196533203125,486.13189697265625,63.60800552368164
2024-02-20,179.92254638671875,2027.5,396.701171875,483.4555358886719,64.30894470214844
2024-02-21,180.6757049560547,2022.300048828125,396.100341796875,483.8934631347656,64.2902603149414
2024-02-22,182.7071990966797,2019.699951171875,405.4272155761719,493.9078674316406,64.23418426513672
2024-02-23,180.87391662597656,2038.5999755859375,404.1369934082031,494.2485046386719,64.95381164550781
2024-02-26,179.52615356445312,2028.5,401.37933349609375,492.438232421875,64.52389526367188
2024-02-27,180.98289489746094,2034.0,401.32025146484375,493.35308837890625,63.383705139160156
2024-02-28,179.78382873535156,2033.0,401.55657958984375,492.7010192871094,63.308929443359375
2024-02-29,179.11985778808594,2045.699951171875,407.38714599609375,494.4723205566406,63.6266975402832
2024-03-01,178.0396728515625,2086.89990234375,409.21905517578125,499.1145324707031,63.15005111694336
2024-03-04,173.5208282470703,2117.699951171875,408.6478271484375,498.5792541503906,62.841636657714844
2024-03-05,168.58572387695312,2133.5,396.563232421875,493.5964050292969,62.42108154296875
2024-03-06,167.59474182128906,2150.300048828125,396.01177978515625,496.09759521484375,62.38370132446289
2024-03-07,167.475830078125,2158.0,402.9552001953125,501.0220947265625,62.47715759277344
2024-03-08,169.19024658203125,2178.60009765625,400.0793151855469,498.01483154296875,62.72949981689453
2024-03-11,171.1920166015625,2182.5,398.4049987792969,497.58660888671875,62.35566329956055
2024-03-12,171.66766357421875,2160.39990234375,409.0023193359375,502.9393005371094,62.692108154296875
2024-03-13,169.58663940429688,2175.39990234375,408.8250732421875,502.1510009765625,63.000526428222656
2024-03-14,171.4397430419922,2163.0,418.7920837402344,501.1583251953125,62.77621841430664
2024-03-15,171.0631866455078,2157.300048828125,410.1251220703125,497.71710205078125,62.14070129394531
2024-03-18,172.15325927734375,2160.699951171875,411.0115051269531,500.675048828125,62.14070129394531
2024-03-19,174.49197387695312,2156.300048828125,415.0397033691406,503.45745849609375,61.21546173095703
2024-03-20,177.05860900878906,2157.89990234375,418.8019104003906,508.1141052246094,63.53323745727539
2024-03-21,169.82444763183594,2182.39990234375,422.87933349609375,509.793212890625,63.16874694824219
2024-03-22,170.72622680664062,2158.10009765625,422.2589111328125,508.82672119140625,62.55192184448242
2024-03-25,169.30914306640625,2174.800048828125,416.4677734375,507.4208984375,62.62668991088867
2024-03-26,168.179443359375,2175.60009765625,415.2760314941406,506.4837341308594,62.72949981689453
2024-03-27,171.74693298339844,2190.60009765625,415.0594177246094,510.7401428222656,62.804256439208984
2024-03-28,169.9334716796875,2217.39990234375,414.3600769042969,510.6424560546875,62.804256439208984
2024-04-01,168.49655151367188,2236.5,418.15191650390625,509.7540588378906,61.70144271850586
2024-04-02,167.3172607421875,2261.0,415.0691833496094,506.51312255859375,61.87902069091797
2024-04-03,168.11996459960938,2294.39990234375,414.0941467285156,507.06939697265625,62.224815368652344
2024-04-04,167.29747009277344,2288.800048828125,411.5630798339844,500.880126953125,60.75751876831055
2024-04-05,168.0505828857422,2325.699951171875,419.0875244140625,506.11273193359375,62.262203216552734
2024-04-08,166.9307861328125,2331.699951171875,418.1716003417969,506.39581298828125,61.68275451660156
2024-04-09,168.13980102539062,2343.5,419.8360595703125,506.98162841796875,61.458457946777344
2024-04-10,166.26681518554688,2329.60009765625,416.8617248535156,501.90509033203125,60.90704345703125
2024-04-11,173.46133422851562,2354.800048828125,421.4610900878906,505.6929931640625,61.57060241699219
2024-04-12,174.95774841308594,2356.199951171875,415.52227783203125,498.7127990722656,60.6640625
2024-04-15,171.13255310058594,2365.800048828125,407.38714599609375,492.46490478515625,61.08462142944336
2024-04-16,167.85238647460938,2390.800048828125,408.31292724609375,491.5667419433594,59.252830505371094
2024-04-17,166.48486328125,2371.699951171875,405.6143798828125,488.65753173828125,59.45843505859375
2024-04-18,165.5334930419922,2382.300048828125,398.15875244140625,487.65203857421875,59.05656433105469
2024-04-19,163.51190185546875,2398.39990234375,393.08660888671875,483.3956604003906,60.07526397705078
2024-04-22,164.3443145751953,2332.199951171875,394.8988037109375,487.84722900390625,59.89768981933594
2024-04-23,165.39476013183594,2327.699951171875,401.40887451171875,493.63641357421875,60.776206970214844
2024-04-24,167.49563598632812,2324.5,402.8763427734375,493.4020690917969,61.60798645019531
2024-04-25,168.35781860351562,2329.800048828125,393.0078430175781,491.5277099609375,63.24351501464844
2024-04-26,167.77310180664062,2334.800048828125,400.177734375,496.18438720703125,62.29024124145508
2024-04-29,171.9352569580078,2345.39990234375,396.1692810058594,497.94158935546875,62.59865188598633
2024-04-30,168.7938232421875,2291.39990234375,383.44464111328125,490.0535583496094,59.67338943481445
2024-05-01,167.77310180664062,2299.89990234375,388.96978759765625,488.4622802734375,59.67338943481445
2024-05-02,171.46949768066406,2299.199951171875,391.82598876953125,493.0311279296875,59.16871643066406
2024-05-03,181.72613525390625,2299.0,400.5126037597656,499.14239501953125,60.03787612915039
2024-05-06,180.07119750976562,2321.60009765625,407.28863525390625,504.2969970703125,61.43975830078125
2024-05-07,180.7549591064453,2315.199951171875,403.15216064453125,504.8533935546875,61.22481155395508
2024-05-08,181.09190368652344,2313.60009765625,404.333984375,504.90216064453125,62.13136291503906
2024-05-09,182.90541076660156,2332.10009765625,406.0871276855469,507.81134033203125,64.03791046142578
2024-05-10,181.6451416015625,2367.300048828125,408.4704895019531,508.46551513671875,64.55193328857422
2024-05-13,184.85037231445312,2336.10009765625,407.4659423828125,508.5338134765625,63.916419982910156
2024-05-14,185.99154663085938,2353.39990234375,410.26300048828125,510.8669738769531,62.73883819580078
2024-05-15,188.2639617919922,2388.699951171875,417.4360046386719,517.1931762695312,63.486507415771484
2024-05-16,188.38304138183594,2380.0,415.3738708496094,516.1289672851562,63.832305908203125
2024-05-17,188.41282653808594,2412.199951171875,414.604248046875,516.8709716796875,63.54258346557617
2024-05-20,189.57383728027344,2433.89990234375,419.6658935546875,517.4664306640625,63.77622985839844
2024-05-21,190.87379455566406,2421.699951171875,423.3165283203125,518.735595703125,62.5799560546875
2024-05-22,189.43492126464844,2389.199951171875,424.7767639160156,517.2418823242188,62.29024124145508
2024-05-23,185.44578552246094,2335.0,421.3037109375,513.4638671875,62.075279235839844
2024-05-24,188.52195739746094,2332.5,424.42156982421875,516.8612060546875,60.93508529663086
2024-05-27,188.52195739746094,2332.5,424.42156982421875,516.8612060546875,60.7668571472168
2024-05-28,188.5319061279297,2355.199951171875,424.5794372558594,517.2223510742188,60.2341423034668
2024-05-29,188.82958984375,2340.300048828125,423.44482421875,513.6005249023438,59.645355224609375
2024-05-30,189.82191467285156,2342.89990234375,409.1382141113281,510.1934509277344,59.430397033691406
2024-05-31,190.77455139160156,2322.89990234375,409.5921325683594,514.8402709960938,59.57993698120117
2024-06-03,192.54087829589844,2346.60009765625,408.0035400390625,515.2601318359375,56.14065170288086
2024-06-04,192.85842895507812,2325.5,410.51959228515625,515.836181640625,57.49580383300781
2024-06-05,194.3667755126953,2354.10009765625,418.3536376953125,521.9669189453125,58.64534378051758
2024-06-06,192.9874267578125,2370.300048828125,418.8568115234375,521.9570922851562,59.262176513671875
2024-06-07,195.37893676757812,2305.199951171875,418.19580078125,521.3226318359375,58.30889129638672
2024-06-10,191.6378631591797,2307.699951171875,422.1620788574219,522.9332885742188,58.37431716918945
2024-06-11,205.56019592285156,2307.5,426.907958984375,524.1927490234375,58.121978759765625
2024-06-12,211.4347686767578,2336.0,435.1761779785156,528.4979858398438,57.009822845458984
2024-06-13,212.5957794189453,2300.199951171875,435.689208984375,529.56201171875,56.972434997558594
2024-06-14,210.85922241210938,2331.39990234375,436.6660461425781,529.88427734375,56.8042106628418
2024-06-17,215.00711059570312,2312.39990234375,442.38861083984375,534.1015014648438,57.252811431884766
2024-06-18,212.6453857421875,2330.39990234375,440.3857116699219,535.4586181640625,58.17805480957031
2024-06-19,212.6453857421875,2330.39990234375,440.3857116699219,535.4586181640625,58.48646926879883
2024-06-20,208.07077026367188,2353.800048828125,439.7543029785156,534.00390625,58.234130859375
2024-06-21,205.89759826660156,2316.39990234375,443.7798156738281,533.2880859375,58.00982666015625
2024-06-24,206.5426025390625,2330.0,441.697998046875,531.554443359375,56.692054748535156
2024-06-25,207.46546936035156,2316.60009765625,444.9342041015625,533.6015014648438,58.72011947631836
2024-06-26,211.61338806152344,2299.199951171875,446.1280822753906,534.2673950195312,58.02851867675781
2024-06-27,212.4568634033203,2324.5,446.80889892578125,535.1097412109375,57.99113464355469
2024-06-28,209.0035400390625,2327.699951171875,440.9875793457031,533.0040283203125,58.4023551940918
2024-07-01,215.0865020751953,2327.60009765625,450.6370849609375,534.1008911132812,58.62665557861328
2024-07-02,218.57948303222656,2323.0,453.153076171875,537.6951904296875,57.664031982421875
2024-07-03,219.84967041015625,2359.800048828125,454.6231994628906,540.0948486328125,57.53318786621094
2024-07-04,219.84967041015625,2359.800048828125,454.6231994628906,540.0948486328125,57.523841857910156
2024-07-05,224.6029052734375,2388.5,461.3226318359375,543.209228515625,57.589263916015625
2024-07-08,226.07154846191406,2355.199951171875,460.02020263671875,543.8361206054688,57.78553009033203
2024-07-09,226.92495727539062,2360.10009765625,453.4096374511719,544.3649291992188,59.86965560913086
2024-07-10,231.19195556640625,2372.199951171875,460.0301513671875,549.7516479492188,60.178070068359375
2024-07-11,225.82350158691406,2415.0,448.63421630859375,545.0112915039062,61.131351470947266
2024-07-12,228.7706756591797,2414.0,447.49957275390625,548.4490356445312,63.5799674987793
2024-07-15,232.60107421875,2422.89990234375,447.90411376953125,549.9572143554688,62.804256439208984
2024-07-16,233.01783752441406,2462.39990234375,443.5232849121094,553.2186279296875,61.514530181884766
2024-07-17,227.12344360351562,2454.800048828125,437.6033630371094,545.4618530273438,60.54255676269531
2024-07-18,222.45950317382812,2451.800048828125,434.4953308105469,541.27001953125,59.35563278198242
2024-07-19,222.5885009765625,2395.5,431.27886962890625,537.6755981445312,59.48647689819336
2024-07-22,222.24119567871094,2392.0,437.0310974121094,543.2191772460938,59.402366638183594
2024-07-23,223.28311157226562,2404.60009765625,438.9156188964844,542.366943359375,59.34628677368164
2024-07-24,216.86277770996094,2413.300048828125,423.1783447265625,530.0756225585938,58.65468978881836
2024-07-25,215.8208465576172,2351.89990234375,412.8184814453125,527.3136596679688,58.87899398803711
2024-07-26,216.2872314453125,2380.0,419.5968017578125,533.219482421875,57.243465423583984
2024-07-29,216.56507873535156,2377.300048828125,421.037353515625,533.5328369140625,57.963096618652344
2024-07-30,217.12078857421875,2405.0,417.2781982421875,530.8297119140625,57.64533996582031
2024-07-31,220.3756103515625,2426.5,412.7691345214844,539.4581909179688,57.94440841674805
2024-08-01,216.6841583251953,2435.0,411.545654296875,531.8189086914062,56.76682662963867
2024-08-02,218.17266845703125,2425.699951171875,403.0406188964844,521.9172973632812,56.262149810791016
2024-08-05,207.66390991210938,2401.699951171875,389.87860107421875,506.7171630859375,55.4210205078125
2024-08-06,205.63958740234375,2389.10009765625,394.2790832519531,511.38885498046875,56.86028289794922
2024-08-07,208.209716796875,2390.5,393.1148376464844,507.9707946777344,56.86028289794922
2024-08-08,211.6729278564453,2422.199951171875,397.31805419921875,519.7136840820312,57.75748825073242
2024-08-09,214.5804443359375,2432.10009765625,400.60357666015625,522.0054931640625,58.25282287597656
2024-08-12,216.11038208007812,2462.39990234375,401.3830871582031,522.2797241210938,58.51450729370117
2024-08-13,219.8259735107422,2466.699951171875,408.487060546875,530.8688354492188,59.35563278198242
2024-08-14,220.27305603027344,2439.39990234375,411.2989807128906,532.543701171875,58.51450729370117
2024-08-15,223.25344848632812,2453.10009765625,416.162109375,541.671630859375,59.000492095947266
2024-08-16,224.57479858398438,2498.60009765625,413.6316833496094,542.8860473632812,58.99114227294922
2024-08-19,224.41583251953125,2501.800048828125,416.65631103515625,548.0767822265625,58.78553771972656
2024-08-20,225.0317840576172,2511.300048828125,419.8885498046875,547.1856079101562,58.57057571411133
2024-08-21,224.92250061035156,2508.39990234375,419.2361755371094,549.0660400390625,59.87900161743164
2024-08-22,223.064697265625,2478.89990234375,410.7454833984375,544.7567749023438,59.065914154052734
2024-08-23,225.359619140625,2508.39990234375,411.97113037109375,550.544921875,59.121986389160156
2024-08-26,225.6973876953125,2517.699951171875,408.70928955078125,549.2324829101562,58.69207763671875
2024-08-27,226.54185485839844,2516.0,409.0552062988281,549.9866333007812,58.43039321899414
2024-08-28,225.0119171142578,2501.0,405.8526916503906,546.7938232421875,57.523841857910156
2024-08-29,228.29039001464844,2525.699951171875,408.3435363769531,546.8427734375,58.5518913269043
2024-08-30,227.5055389404297,2493.800048828125,412.3171081542969,552.06298828125,58.579925537109375
2024-09-02,227.5055389404297,2493.800048828125,412.3171081542969,552.06298828125,59.112640380859375
2024-09-03,221.31619262695312,2489.89990234375,404.70611572265625,540.7020263671875,57.84160232543945
2024-09-04,219.40872192382812,2493.39990234375,404.1723327636719,539.5952758789062,56.81355667114258
2024-09-05,220.92872619628906,2511.39990234375,403.6682434082031,538.282958984375,56.02850341796875
2024-09-06,219.37892150878906,2493.5,397.0556335449219,529.2236328125,55.71074295043945
2024-09-09,219.4683380126953,2501.800048828125,401.02911376953125,535.1488647460938,56.8042106628418
2024-09-10,218.67355346679688,2512.300048828125,409.4111022949219,537.479736328125,56.187381744384766
2024-09-11,221.2069091796875,2512.10009765625,418.14886474609375,542.9937744140625,57.009822845458984
2024-09-12,221.31619262695312,2551.199951171875,422.0630798339844,547.5675659179688,57.30888748168945
2024-09-13,221.04795837402344,2581.300048828125,425.611572265625,550.4273071289062,56.81355667114258
2024-09-16,214.90829467773438,2580.39990234375,426.3529052734375,551.240234375,56.81355667114258
2024-09-17,215.37522888183594,2564.300048828125,430.11883544921875,551.465576171875,57.89767837524414
2024-09-18,219.24977111816406,2570.699951171875,425.8290100097656,549.8300170898438,57.10327911376953
2024-09-19,227.37637329101562,2588.0,433.617919921875,559.2125244140625,57.12196731567383
2024-09-20,226.71075439453125,2619.89990234375,430.2374572753906,558.245849609375,56.82290267944336
2024-09-23,224.99205017089844,2626.5,428.497802734375,559.6408081054688,56.533180236816406
2024-09-24,225.88616943359375,2651.199951171875,424.2080383300781,561.2421875,57.74814224243164
2024-09-25,224.8927001953125,2659.199951171875,427.114013671875,560.0042114257812,56.60794448852539
2024-09-26,226.0352020263672,2669.89990234375,426.3232727050781,562.2245483398438,55.71074295043945
2024-09-27,226.30340576171875,2644.300048828125,423.0712585449219,561.4090576171875,54.542510986328125
2024-09-30,231.4794464111328,2636.10009765625,425.32489013671875,563.6588745117188,55.52382278442383
2024-10-01,224.73374938964844,2667.300048828125,415.8260498046875,558.6093139648438,55.52382278442383
2024-10-02,225.300048828125,2647.10009765625,412.30718994140625,558.8451538085938,53.84156799316406
2024-10-03,224.197265625,2657.10009765625,411.7240295410156,557.8233642578125,54.009796142578125
2024-10-04,225.3199005126953,2645.800048828125,411.24957275390625,562.892578125,55.13130187988281
2024-10-07,220.2432403564453,2644.800048828125,404.8049621582031,557.8037109375,54.13128662109375
2024-10-08,224.29664611816406,2615.0,409.9151611328125,563.0791625976562,53.26212692260742
2024-10-09,228.04200744628906,2606.0,412.6333923339844,566.9793090820312,52.869598388671875
2024-10-10,227.54527282714844,2620.60009765625,411.0321044921875,565.9871215820312,55.757469177246094
2024-10-11,226.0650177001953,2657.60009765625,411.5066223144531,569.3763427734375,55.65467071533203
2024-10-14,229.79054260253906,2647.800048828125,414.2939758300781,574.0328979492188,54.86961364746094
2024-10-15,232.32391357421875,2661.39990234375,413.8985595703125,569.5728149414062,55.17802810668945
2024-10-16,230.2673797607422,2674.0,411.30889892578125,572.0484008789062,55.271484375
2024-10-17,230.63499450683594,2691.0,411.90191650390625,572.0975952148438,55.62663269042969
2024-10-18,233.4663848876953,2713.699951171875,413.3253173828125,574.2981567382812,55.86962127685547
2024-10-21,234.93670654296875,2723.10009765625,413.9381408691406,573.3550415039062,56.1686897277832
2024-10-22,234.3207550048828,2744.199951171875,422.5672302246094,573.0504760742188,56.523834228515625
2024-10-23,229.25405883789062,2714.39990234375,419.6908264160156,567.8143920898438,57.3836555480957
2024-10-24,229.06527709960938,2734.89990234375,419.8193359375,569.0424194335938,55.28083419799805
2024-10-25,229.89981079101562,2740.89990234375,423.19976806640625,568.845703125,53.29950714111328
2024-10-28,231.87680053710938,2742.89990234375,421.6578063964844,570.6043701171875,53.336891174316406
2024-10-29,232.1450653076172,2768.39990234375,426.95587158203125,571.52783203125,52.20603942871094
2024-10-30,228.59835815429688,2788.5,427.52911376953125,569.798828125,51.49575424194336
2024-10-31,224.4357147216797,2738.300048828125,401.6518859863281,558.6290893554688,51.63594436645508
2024-11-01,221.45526123046875,2738.60009765625,405.6253662109375,560.9866333007812,52.196693420410156
2024-11-04,220.5611572265625,2736.10009765625,403.7373962402344,559.7783203125,52.71072006225586
2024-11-05,221.9917449951172,2740.300048828125,406.7027587890625,566.5471801757812,52.12192916870117
2024-11-06,221.26651000976562,2667.60009765625,415.3219299316406,580.6345825195312,52.336883544921875
2024-11-07,225.99545288085938,2698.39990234375,420.51123046875,585.1240844726562,52.551841735839844
2024-11-08,225.7269287109375,2687.5,417.6546630859375,587.6588134765625,52.43033981323242
2024-11-11,223.01173400878906,2611.199951171875,413.17706298828125,588.2186889648438,53.84001922607422
2024-11-12,223.01173400878906,2600.0,418.1390075683594,586.3914794921875,54.18029022216797
2024-11-13,223.8968963623047,2580.800048828125,420.2839050292969,586.6763305664062,54.88998794555664
2024-11-14,226.98007202148438,2568.199951171875,421.954345703125,582.9039306640625,53.42197799682617
2024-11-15,223.77757263183594,2565.699951171875,410.20184326171875,575.4376831054688,53.5289192199707
2024-11-18,226.7811737060547,2610.60009765625,410.9530334472656,577.7954711914062,53.5289192199707
2024-11-19,227.03973388671875,2627.10009765625,412.9595947265625,579.9076538085938,52.26506423950195
2024-11-20,227.75584411621094,2648.199951171875,410.6861877441406,580.1041259765625,51.6817512512207
2024-11-21,227.2784423828125,2672.10009765625,408.913330078125,583.2183837890625,50.60261917114258
2024-11-22,228.62109375,2709.89990234375,413.00372314453125,585.0259399414062,52.031742095947266
2024-11-25,231.6048126220703,2616.800048828125,414.7765808105469,587.0103149414062,51.7886962890625
2024-11-26,233.78292846679688,2620.300048828125,423.888427734375,590.075439453125,51.944244384765625
2024-11-27,233.65362548828125,2639.89990234375,418.9363098144531,588.2874145507812,52.86783218383789
2024-11-28,233.65362548828125,2639.89990234375,418.9363098144531,588.2874145507812,51.82758331298828
2024-11-29,236.04058837890625,2657.0,419.40185546875,591.94189453125,52.41089630126953
2024-12-02,238.28831481933594,2634.89990234375,426.8497619628906,593.0029296875,52.65394592285156
2024-12-03,241.33168029785156,2644.699951171875,427.0676574707031,593.2780151367188,53.45114517211914
2024-12-04,241.68971252441406,2653.800048828125,433.22802734375,596.9619140625,54.94831848144531
2024-12-05,241.7195587158203,2626.60009765625,438.3782043457031,595.9796142578125,55.59968566894531
2024-12-06,241.52064514160156,2638.60009765625,439.319091796875,597.109375,55.72607421875
2024-12-09,245.40939331054688,2664.89990234375,441.74560546875,594.034423828125,55.842735290527344
2024-12-10,246.4238739013672,2697.60009765625,439.0813903808594,592.1875610351562,55.570526123046875
2024-12-11,245.1508331298828,2733.800048828125,444.6871643066406,596.7655639648438,55.53163528442383
2024-12-12,246.6128387451172,2687.5,445.251708984375,593.690673828125,55.53163528442383
2024-12-13,246.7819061279297,2656.0,442.983642578125,593.57275390625,59.87733459472656
2024-12-16,249.6761016845703,2651.39990234375,447.26226806640625,596.1072998046875,58.19544219970703
2024-12-17,252.1028289794922,2644.39990234375,450.104736328125,593.6513671875,56.085784912109375
2024-12-18,246.7023468017578,2636.5,433.19830322265625,575.9583740234375,56.44549560546875
2024-12-19,248.43287658691406,2592.199951171875,432.841796875,575.781494140625,56.39688491821289
2024-12-20,253.10736083984375,2628.699951171875,432.4158935546875,582.6973266601562,55.901065826416016
2024-12-23,253.8831024169922,2612.300048828125,431.078857421875,586.1866455078125,54.802490234375
2024-12-24,256.7972106933594,2620.0,435.1197509765625,592.7020263671875,54.744163513183594
2024-12-26,257.6127014160156,2638.800048828125,433.9114074707031,592.7415161132812,54.578887939453125
2024-12-27,254.20135498046875,2617.199951171875,426.4040832519531,586.5020751953125,53.3928108215332
2024-12-30,250.8297882080078,2606.10009765625,420.7586975097656,579.80908203125,52.770606994628906
